employee_id,iso_weekday,planned_mode
EMP000001,1,REMOTE
EMP000001,2,OFFICE
EMP000001,3,OFFICE
EMP000001,4,OFFICE
EMP000001,5,REMOTE
EMP000001,6,REMOTE
EMP000001,7,REMOTE
EMP000002,1,REMOTE
EMP000002,2,REMOTE
EMP000002,3,REMOTE
EMP000002,4,REMOTE
EMP000002,5,REMOTE
EMP000002,6,REMOTE
EMP000002,7,REMOTE
EMP000003,1,REMOTE
EMP000003,2,OFFICE
EMP000003,3,OFFICE
EMP000003,4,OFFICE
EMP000003,5,REMOTE
EMP000003,6,REMOTE
EMP000003,7,REMOTE
EMP000004,1,OFFICE
EMP000004,2,OFFICE
EMP000004,3,OFFICE
EMP000004,4,OFFICE
EMP000004,5,OFFICE
EMP000004,6,REMOTE
EMP000004,7,REMOTE
EMP000005,1,REMOTE
EMP000005,2,REMOTE
EMP000005,3,REMOTE
EMP000005,4,REMOTE
EMP000005,5,REMOTE
EMP000005,6,REMOTE
EMP000005,7,REMOTE
EMP000006,1,REMOTE
EMP000006,2,OFFICE
EMP000006,3,OFFICE
EMP000006,4,OFFICE
EMP000006,5,REMOTE
EMP000006,6,REMOTE
EMP000006,7,REMOTE
EMP000007,1,REMOTE
EMP000007,2,OFFICE
EMP000007,3,OFFICE
EMP000007,4,OFFICE
EMP000007,5,REMOTE
EMP000007,6,REMOTE
EMP000007,7,REMOTE
EMP000008,1,REMOTE
EMP000008,2,REMOTE
EMP000008,3,REMOTE
EMP000008,4,REMOTE
EMP000008,5,REMOTE
EMP000008,6,REMOTE
EMP000008,7,REMOTE
EMP000009,1,REMOTE
EMP000009,2,OFFICE
EMP000009,3,OFFICE
EMP000009,4,OFFICE
EMP000009,5,REMOTE
EMP000009,6,REMOTE
EMP000009,7,REMOTE
EMP000010,1,REMOTE
EMP000010,2,OFFICE
EMP000010,3,OFFICE
EMP000010,4,OFFICE
EMP000010,5,FLEX
EMP000010,6,REMOTE
EMP000010,7,REMOTE
EMP000011,1,REMOTE
EMP000011,2,REMOTE
EMP000011,3,REMOTE
EMP000011,4,REMOTE
EMP000011,5,REMOTE
EMP000011,6,REMOTE
EMP000011,7,REMOTE
EMP000012,1,REMOTE
EMP000012,2,OFFICE
EMP000012,3,OFFICE
EMP000012,4,OFFICE
EMP000012,5,REMOTE
EMP000012,6,REMOTE
EMP000012,7,REMOTE
EMP000013,1,REMOTE
EMP000013,2,OFFICE
EMP000013,3,OFFICE
EMP000013,4,OFFICE
EMP000013,5,REMOTE
EMP000013,6,REMOTE
EMP000013,7,REMOTE
EMP000014,1,REMOTE
EMP000014,2,REMOTE
EMP000014,3,REMOTE
EMP000014,4,REMOTE
EMP000014,5,REMOTE
EMP000014,6,REMOTE
EMP000014,7,REMOTE
EMP000015,1,REMOTE
EMP000015,2,OFFICE
EMP000015,3,OFFICE
EMP000015,4,OFFICE
EMP000015,5,REMOTE
EMP000015,6,REMOTE
EMP000015,7,REMOTE
EMP000016,1,REMOTE
EMP000016,2,OFFICE
EMP000016,3,OFFICE
EMP000016,4,OFFICE
EMP000016,5,REMOTE
EMP000016,6,REMOTE
EMP000016,7,REMOTE
EMP000017,1,REMOTE
EMP000017,2,OFFICE
EMP000017,3,OFFICE
EMP000017,4,OFFICE
EMP000017,5,FLEX
EMP000017,6,REMOTE
EMP000017,7,REMOTE
EMP000018,1,REMOTE
EMP000018,2,OFFICE
EMP000018,3,OFFICE
EMP000018,4,OFFICE
EMP000018,5,REMOTE
EMP000018,6,REMOTE
EMP000018,7,REMOTE
EMP000019,1,REMOTE
EMP000019,2,OFFICE
EMP000019,3,OFFICE
EMP000019,4,OFFICE
EMP000019,5,REMOTE
EMP000019,6,REMOTE
EMP000019,7,REMOTE
EMP000020,1,FLEX
EMP000020,2,OFFICE
EMP000020,3,OFFICE
EMP000020,4,OFFICE
EMP000020,5,REMOTE
EMP000020,6,REMOTE
EMP000020,7,REMOTE
EMP000021,1,FLEX
EMP000021,2,OFFICE
EMP000021,3,OFFICE
EMP000021,4,OFFICE
EMP000021,5,REMOTE
EMP000021,6,REMOTE
EMP000021,7,REMOTE
EMP000022,1,OFFICE
EMP000022,2,OFFICE
EMP000022,3,OFFICE
EMP000022,4,OFFICE
EMP000022,5,OFFICE
EMP000022,6,REMOTE
EMP000022,7,REMOTE
EMP000023,1,FLEX
EMP000023,2,OFFICE
EMP000023,3,OFFICE
EMP000023,4,OFFICE
EMP000023,5,REMOTE
EMP000023,6,REMOTE
EMP000023,7,REMOTE
EMP000024,1,REMOTE
EMP000024,2,OFFICE
EMP000024,3,OFFICE
EMP000024,4,OFFICE
EMP000024,5,REMOTE
EMP000024,6,REMOTE
EMP000024,7,REMOTE
EMP000025,1,REMOTE
EMP000025,2,REMOTE
EMP000025,3,REMOTE
EMP000025,4,REMOTE
EMP000025,5,REMOTE
EMP000025,6,REMOTE
EMP000025,7,REMOTE
EMP000026,1,REMOTE
EMP000026,2,REMOTE
EMP000026,3,REMOTE
EMP000026,4,REMOTE
EMP000026,5,REMOTE
EMP000026,6,REMOTE
EMP000026,7,REMOTE
EMP000027,1,FLEX
EMP000027,2,OFFICE
EMP000027,3,OFFICE
EMP000027,4,OFFICE
EMP000027,5,REMOTE
EMP000027,6,REMOTE
EMP000027,7,REMOTE
EMP000028,1,REMOTE
EMP000028,2,OFFICE
EMP000028,3,OFFICE
EMP000028,4,OFFICE
EMP000028,5,REMOTE
EMP000028,6,REMOTE
EMP000028,7,REMOTE
EMP000029,1,REMOTE
EMP000029,2,OFFICE
EMP000029,3,OFFICE
EMP000029,4,OFFICE
EMP000029,5,FLEX
EMP000029,6,REMOTE
EMP000029,7,REMOTE
EMP000030,1,REMOTE
EMP000030,2,OFFICE
EMP000030,3,OFFICE
EMP000030,4,OFFICE
EMP000030,5,REMOTE
EMP000030,6,REMOTE
EMP000030,7,REMOTE
EMP000031,1,REMOTE
EMP000031,2,OFFICE
EMP000031,3,OFFICE
EMP000031,4,OFFICE
EMP000031,5,REMOTE
EMP000031,6,REMOTE
EMP000031,7,REMOTE
EMP000032,1,FLEX
EMP000032,2,OFFICE
EMP000032,3,OFFICE
EMP000032,4,OFFICE
EMP000032,5,REMOTE
EMP000032,6,REMOTE
EMP000032,7,REMOTE
EMP000033,1,OFFICE
EMP000033,2,OFFICE
EMP000033,3,OFFICE
EMP000033,4,OFFICE
EMP000033,5,OFFICE
EMP000033,6,REMOTE
EMP000033,7,REMOTE
EMP000034,1,OFFICE
EMP000034,2,OFFICE
EMP000034,3,OFFICE
EMP000034,4,OFFICE
EMP000034,5,OFFICE
EMP000034,6,REMOTE
EMP000034,7,REMOTE
EMP000035,1,REMOTE
EMP000035,2,OFFICE
EMP000035,3,OFFICE
EMP000035,4,OFFICE
EMP000035,5,REMOTE
EMP000035,6,REMOTE
EMP000035,7,REMOTE
EMP000036,1,OFFICE
EMP000036,2,OFFICE
EMP000036,3,OFFICE
EMP000036,4,OFFICE
EMP000036,5,OFFICE
EMP000036,6,REMOTE
EMP000036,7,REMOTE
EMP000037,1,REMOTE
EMP000037,2,OFFICE
EMP000037,3,OFFICE
EMP000037,4,OFFICE
EMP000037,5,REMOTE
EMP000037,6,REMOTE
EMP000037,7,REMOTE
EMP000038,1,OFFICE
EMP000038,2,OFFICE
EMP000038,3,OFFICE
EMP000038,4,OFFICE
EMP000038,5,OFFICE
EMP000038,6,REMOTE
EMP000038,7,REMOTE
EMP000039,1,REMOTE
EMP000039,2,OFFICE
EMP000039,3,OFFICE
EMP000039,4,OFFICE
EMP000039,5,REMOTE
EMP000039,6,REMOTE
EMP000039,7,REMOTE
EMP000040,1,OFFICE
EMP000040,2,OFFICE
EMP000040,3,OFFICE
EMP000040,4,OFFICE
EMP000040,5,OFFICE
EMP000040,6,REMOTE
EMP000040,7,REMOTE
EMP000041,1,OFFICE
EMP000041,2,OFFICE
EMP000041,3,OFFICE
EMP000041,4,OFFICE
EMP000041,5,OFFICE
EMP000041,6,REMOTE
EMP000041,7,REMOTE
EMP000042,1,FLEX
EMP000042,2,OFFICE
EMP000042,3,OFFICE
EMP000042,4,OFFICE
EMP000042,5,REMOTE
EMP000042,6,REMOTE
EMP000042,7,REMOTE
EMP000043,1,OFFICE
EMP000043,2,OFFICE
EMP000043,3,OFFICE
EMP000043,4,OFFICE
EMP000043,5,OFFICE
EMP000043,6,REMOTE
EMP000043,7,REMOTE
EMP000044,1,REMOTE
EMP000044,2,OFFICE
EMP000044,3,OFFICE
EMP000044,4,OFFICE
EMP000044,5,REMOTE
EMP000044,6,REMOTE
EMP000044,7,REMOTE
EMP000045,1,FLEX
EMP000045,2,OFFICE
EMP000045,3,OFFICE
EMP000045,4,OFFICE
EMP000045,5,REMOTE
EMP000045,6,REMOTE
EMP000045,7,REMOTE
EMP000046,1,REMOTE
EMP000046,2,OFFICE
EMP000046,3,OFFICE
EMP000046,4,OFFICE
EMP000046,5,REMOTE
EMP000046,6,REMOTE
EMP000046,7,REMOTE
EMP000047,1,OFFICE
EMP000047,2,OFFICE
EMP000047,3,OFFICE
EMP000047,4,OFFICE
EMP000047,5,OFFICE
EMP000047,6,REMOTE
EMP000047,7,REMOTE
EMP000048,1,OFFICE
EMP000048,2,OFFICE
EMP000048,3,OFFICE
EMP000048,4,OFFICE
EMP000048,5,OFFICE
EMP000048,6,REMOTE
EMP000048,7,REMOTE
EMP000049,1,REMOTE
EMP000049,2,OFFICE
EMP000049,3,OFFICE
EMP000049,4,OFFICE
EMP000049,5,REMOTE
EMP000049,6,REMOTE
EMP000049,7,REMOTE
EMP000050,1,REMOTE
EMP000050,2,OFFICE
EMP000050,3,OFFICE
EMP000050,4,OFFICE
EMP000050,5,REMOTE
EMP000050,6,REMOTE
EMP000050,7,REMOTE
EMP000051,1,REMOTE
EMP000051,2,OFFICE
EMP000051,3,OFFICE
EMP000051,4,OFFICE
EMP000051,5,REMOTE
EMP000051,6,REMOTE
EMP000051,7,REMOTE
EMP000052,1,REMOTE
EMP000052,2,REMOTE
EMP000052,3,REMOTE
EMP000052,4,REMOTE
EMP000052,5,REMOTE
EMP000052,6,REMOTE
EMP000052,7,REMOTE
EMP000053,1,REMOTE
EMP000053,2,OFFICE
EMP000053,3,OFFICE
EMP000053,4,OFFICE
EMP000053,5,REMOTE
EMP000053,6,REMOTE
EMP000053,7,REMOTE
EMP000054,1,REMOTE
EMP000054,2,OFFICE
EMP000054,3,OFFICE
EMP000054,4,OFFICE
EMP000054,5,FLEX
EMP000054,6,REMOTE
EMP000054,7,REMOTE
EMP000055,1,OFFICE
EMP000055,2,OFFICE
EMP000055,3,OFFICE
EMP000055,4,OFFICE
EMP000055,5,OFFICE
EMP000055,6,REMOTE
EMP000055,7,REMOTE
EMP000056,1,REMOTE
EMP000056,2,OFFICE
EMP000056,3,OFFICE
EMP000056,4,OFFICE
EMP000056,5,REMOTE
EMP000056,6,REMOTE
EMP000056,7,REMOTE
EMP000057,1,REMOTE
EMP000057,2,OFFICE
EMP000057,3,OFFICE
EMP000057,4,OFFICE
EMP000057,5,REMOTE
EMP000057,6,REMOTE
EMP000057,7,REMOTE
EMP000058,1,FLEX
EMP000058,2,OFFICE
EMP000058,3,OFFICE
EMP000058,4,OFFICE
EMP000058,5,REMOTE
EMP000058,6,REMOTE
EMP000058,7,REMOTE
EMP000059,1,REMOTE
EMP000059,2,OFFICE
EMP000059,3,OFFICE
EMP000059,4,OFFICE
EMP000059,5,REMOTE
EMP000059,6,REMOTE
EMP000059,7,REMOTE
EMP000060,1,REMOTE
EMP000060,2,OFFICE
EMP000060,3,OFFICE
EMP000060,4,OFFICE
EMP000060,5,REMOTE
EMP000060,6,REMOTE
EMP000060,7,REMOTE
EMP000061,1,FLEX
EMP000061,2,OFFICE
EMP000061,3,OFFICE
EMP000061,4,OFFICE
EMP000061,5,REMOTE
EMP000061,6,REMOTE
EMP000061,7,REMOTE
EMP000062,1,REMOTE
EMP000062,2,OFFICE
EMP000062,3,OFFICE
EMP000062,4,OFFICE
EMP000062,5,REMOTE
EMP000062,6,REMOTE
EMP000062,7,REMOTE
EMP000063,1,REMOTE
EMP000063,2,OFFICE
EMP000063,3,OFFICE
EMP000063,4,OFFICE
EMP000063,5,FLEX
EMP000063,6,REMOTE
EMP000063,7,REMOTE
EMP000064,1,REMOTE
EMP000064,2,OFFICE
EMP000064,3,OFFICE
EMP000064,4,OFFICE
EMP000064,5,REMOTE
EMP000064,6,REMOTE
EMP000064,7,REMOTE
EMP000065,1,REMOTE
EMP000065,2,OFFICE
EMP000065,3,OFFICE
EMP000065,4,OFFICE
EMP000065,5,REMOTE
EMP000065,6,REMOTE
EMP000065,7,REMOTE
EMP000066,1,REMOTE
EMP000066,2,REMOTE
EMP000066,3,REMOTE
EMP000066,4,REMOTE
EMP000066,5,REMOTE
EMP000066,6,REMOTE
EMP000066,7,REMOTE
EMP000067,1,OFFICE
EMP000067,2,OFFICE
EMP000067,3,OFFICE
EMP000067,4,OFFICE
EMP000067,5,OFFICE
EMP000067,6,REMOTE
EMP000067,7,REMOTE
EMP000068,1,REMOTE
EMP000068,2,OFFICE
EMP000068,3,OFFICE
EMP000068,4,OFFICE
EMP000068,5,REMOTE
EMP000068,6,REMOTE
EMP000068,7,REMOTE
EMP000069,1,REMOTE
EMP000069,2,OFFICE
EMP000069,3,OFFICE
EMP000069,4,OFFICE
EMP000069,5,REMOTE
EMP000069,6,REMOTE
EMP000069,7,REMOTE
EMP000070,1,REMOTE
EMP000070,2,REMOTE
EMP000070,3,REMOTE
EMP000070,4,REMOTE
EMP000070,5,REMOTE
EMP000070,6,REMOTE
EMP000070,7,REMOTE
EMP000071,1,REMOTE
EMP000071,2,OFFICE
EMP000071,3,OFFICE
EMP000071,4,OFFICE
EMP000071,5,REMOTE
EMP000071,6,REMOTE
EMP000071,7,REMOTE
EMP000072,1,REMOTE
EMP000072,2,OFFICE
EMP000072,3,OFFICE
EMP000072,4,OFFICE
EMP000072,5,REMOTE
EMP000072,6,REMOTE
EMP000072,7,REMOTE
EMP000073,1,REMOTE
EMP000073,2,OFFICE
EMP000073,3,OFFICE
EMP000073,4,OFFICE
EMP000073,5,REMOTE
EMP000073,6,REMOTE
EMP000073,7,REMOTE
EMP000074,1,REMOTE
EMP000074,2,OFFICE
EMP000074,3,OFFICE
EMP000074,4,OFFICE
EMP000074,5,REMOTE
EMP000074,6,REMOTE
EMP000074,7,REMOTE
EMP000075,1,REMOTE
EMP000075,2,OFFICE
EMP000075,3,OFFICE
EMP000075,4,OFFICE
EMP000075,5,REMOTE
EMP000075,6,REMOTE
EMP000075,7,REMOTE
EMP000076,1,FLEX
EMP000076,2,OFFICE
EMP000076,3,OFFICE
EMP000076,4,OFFICE
EMP000076,5,REMOTE
EMP000076,6,REMOTE
EMP000076,7,REMOTE
EMP000077,1,REMOTE
EMP000077,2,OFFICE
EMP000077,3,OFFICE
EMP000077,4,OFFICE
EMP000077,5,REMOTE
EMP000077,6,REMOTE
EMP000077,7,REMOTE
EMP000078,1,OFFICE
EMP000078,2,OFFICE
EMP000078,3,OFFICE
EMP000078,4,OFFICE
EMP000078,5,OFFICE
EMP000078,6,REMOTE
EMP000078,7,REMOTE
EMP000079,1,FLEX
EMP000079,2,OFFICE
EMP000079,3,OFFICE
EMP000079,4,OFFICE
EMP000079,5,REMOTE
EMP000079,6,REMOTE
EMP000079,7,REMOTE
EMP000080,1,REMOTE
EMP000080,2,OFFICE
EMP000080,3,OFFICE
EMP000080,4,OFFICE
EMP000080,5,REMOTE
EMP000080,6,REMOTE
EMP000080,7,REMOTE
EMP000081,1,REMOTE
EMP000081,2,OFFICE
EMP000081,3,OFFICE
EMP000081,4,OFFICE
EMP000081,5,REMOTE
EMP000081,6,REMOTE
EMP000081,7,REMOTE
EMP000082,1,REMOTE
EMP000082,2,REMOTE
EMP000082,3,REMOTE
EMP000082,4,REMOTE
EMP000082,5,REMOTE
EMP000082,6,REMOTE
EMP000082,7,REMOTE
EMP000083,1,OFFICE
EMP000083,2,OFFICE
EMP000083,3,OFFICE
EMP000083,4,OFFICE
EMP000083,5,OFFICE
EMP000083,6,REMOTE
EMP000083,7,REMOTE
EMP000084,1,OFFICE
EMP000084,2,OFFICE
EMP000084,3,OFFICE
EMP000084,4,OFFICE
EMP000084,5,OFFICE
EMP000084,6,REMOTE
EMP000084,7,REMOTE
EMP000085,1,REMOTE
EMP000085,2,OFFICE
EMP000085,3,OFFICE
EMP000085,4,OFFICE
EMP000085,5,REMOTE
EMP000085,6,REMOTE
EMP000085,7,REMOTE
EMP000086,1,REMOTE
EMP000086,2,OFFICE
EMP000086,3,OFFICE
EMP000086,4,OFFICE
EMP000086,5,FLEX
EMP000086,6,REMOTE
EMP000086,7,REMOTE
EMP000087,1,REMOTE
EMP000087,2,OFFICE
EMP000087,3,OFFICE
EMP000087,4,OFFICE
EMP000087,5,REMOTE
EMP000087,6,REMOTE
EMP000087,7,REMOTE
EMP000088,1,REMOTE
EMP000088,2,REMOTE
EMP000088,3,REMOTE
EMP000088,4,REMOTE
EMP000088,5,REMOTE
EMP000088,6,REMOTE
EMP000088,7,REMOTE
EMP000089,1,OFFICE
EMP000089,2,OFFICE
EMP000089,3,OFFICE
EMP000089,4,OFFICE
EMP000089,5,OFFICE
EMP000089,6,REMOTE
EMP000089,7,REMOTE
EMP000090,1,REMOTE
EMP000090,2,OFFICE
EMP000090,3,OFFICE
EMP000090,4,OFFICE
EMP000090,5,FLEX
EMP000090,6,REMOTE
EMP000090,7,REMOTE
EMP000091,1,OFFICE
EMP000091,2,OFFICE
EMP000091,3,OFFICE
EMP000091,4,OFFICE
EMP000091,5,OFFICE
EMP000091,6,REMOTE
EMP000091,7,REMOTE
EMP000092,1,REMOTE
EMP000092,2,OFFICE
EMP000092,3,OFFICE
EMP000092,4,OFFICE
EMP000092,5,FLEX
EMP000092,6,REMOTE
EMP000092,7,REMOTE
EMP000093,1,REMOTE
EMP000093,2,OFFICE
EMP000093,3,OFFICE
EMP000093,4,OFFICE
EMP000093,5,REMOTE
EMP000093,6,REMOTE
EMP000093,7,REMOTE
EMP000094,1,REMOTE
EMP000094,2,OFFICE
EMP000094,3,OFFICE
EMP000094,4,OFFICE
EMP000094,5,REMOTE
EMP000094,6,REMOTE
EMP000094,7,REMOTE
EMP000095,1,REMOTE
EMP000095,2,OFFICE
EMP000095,3,OFFICE
EMP000095,4,OFFICE
EMP000095,5,FLEX
EMP000095,6,REMOTE
EMP000095,7,REMOTE
EMP000096,1,REMOTE
EMP000096,2,OFFICE
EMP000096,3,OFFICE
EMP000096,4,OFFICE
EMP000096,5,REMOTE
EMP000096,6,REMOTE
EMP000096,7,REMOTE
EMP000097,1,REMOTE
EMP000097,2,OFFICE
EMP000097,3,OFFICE
EMP000097,4,OFFICE
EMP000097,5,REMOTE
EMP000097,6,REMOTE
EMP000097,7,REMOTE
EMP000098,1,REMOTE
EMP000098,2,OFFICE
EMP000098,3,OFFICE
EMP000098,4,OFFICE
EMP000098,5,REMOTE
EMP000098,6,REMOTE
EMP000098,7,REMOTE
EMP000099,1,REMOTE
EMP000099,2,REMOTE
EMP000099,3,REMOTE
EMP000099,4,REMOTE
EMP000099,5,REMOTE
EMP000099,6,REMOTE
EMP000099,7,REMOTE
EMP000100,1,REMOTE
EMP000100,2,OFFICE
EMP000100,3,OFFICE
EMP000100,4,OFFICE
EMP000100,5,REMOTE
EMP000100,6,REMOTE
EMP000100,7,REMOTE
EMP000101,1,REMOTE
EMP000101,2,OFFICE
EMP000101,3,OFFICE
EMP000101,4,OFFICE
EMP000101,5,FLEX
EMP000101,6,REMOTE
EMP000101,7,REMOTE
EMP000102,1,REMOTE
EMP000102,2,OFFICE
EMP000102,3,OFFICE
EMP000102,4,OFFICE
EMP000102,5,REMOTE
EMP000102,6,REMOTE
EMP000102,7,REMOTE
EMP000103,1,REMOTE
EMP000103,2,OFFICE
EMP000103,3,OFFICE
EMP000103,4,OFFICE
EMP000103,5,REMOTE
EMP000103,6,REMOTE
EMP000103,7,REMOTE
EMP000104,1,OFFICE
EMP000104,2,OFFICE
EMP000104,3,OFFICE
EMP000104,4,OFFICE
EMP000104,5,OFFICE
EMP000104,6,REMOTE
EMP000104,7,REMOTE
EMP000105,1,OFFICE
EMP000105,2,OFFICE
EMP000105,3,OFFICE
EMP000105,4,OFFICE
EMP000105,5,OFFICE
EMP000105,6,REMOTE
EMP000105,7,REMOTE
EMP000106,1,OFFICE
EMP000106,2,OFFICE
EMP000106,3,OFFICE
EMP000106,4,OFFICE
EMP000106,5,OFFICE
EMP000106,6,REMOTE
EMP000106,7,REMOTE
EMP000107,1,REMOTE
EMP000107,2,OFFICE
EMP000107,3,OFFICE
EMP000107,4,OFFICE
EMP000107,5,REMOTE
EMP000107,6,REMOTE
EMP000107,7,REMOTE
EMP000108,1,REMOTE
EMP000108,2,OFFICE
EMP000108,3,OFFICE
EMP000108,4,OFFICE
EMP000108,5,REMOTE
EMP000108,6,REMOTE
EMP000108,7,REMOTE
EMP000109,1,REMOTE
EMP000109,2,OFFICE
EMP000109,3,OFFICE
EMP000109,4,OFFICE
EMP000109,5,REMOTE
EMP000109,6,REMOTE
EMP000109,7,REMOTE
EMP000110,1,REMOTE
EMP000110,2,REMOTE
EMP000110,3,REMOTE
EMP000110,4,REMOTE
EMP000110,5,REMOTE
EMP000110,6,REMOTE
EMP000110,7,REMOTE
EMP000111,1,OFFICE
EMP000111,2,OFFICE
EMP000111,3,OFFICE
EMP000111,4,OFFICE
EMP000111,5,OFFICE
EMP000111,6,REMOTE
EMP000111,7,REMOTE
EMP000112,1,REMOTE
EMP000112,2,OFFICE
EMP000112,3,OFFICE
EMP000112,4,OFFICE
EMP000112,5,FLEX
EMP000112,6,REMOTE
EMP000112,7,REMOTE
EMP000113,1,FLEX
EMP000113,2,OFFICE
EMP000113,3,OFFICE
EMP000113,4,OFFICE
EMP000113,5,REMOTE
EMP000113,6,REMOTE
EMP000113,7,REMOTE
EMP000114,1,REMOTE
EMP000114,2,OFFICE
EMP000114,3,OFFICE
EMP000114,4,OFFICE
EMP000114,5,FLEX
EMP000114,6,REMOTE
EMP000114,7,REMOTE
EMP000115,1,REMOTE
EMP000115,2,OFFICE
EMP000115,3,OFFICE
EMP000115,4,OFFICE
EMP000115,5,REMOTE
EMP000115,6,REMOTE
EMP000115,7,REMOTE
EMP000116,1,REMOTE
EMP000116,2,REMOTE
EMP000116,3,REMOTE
EMP000116,4,REMOTE
EMP000116,5,REMOTE
EMP000116,6,REMOTE
EMP000116,7,REMOTE
EMP000117,1,REMOTE
EMP000117,2,REMOTE
EMP000117,3,REMOTE
EMP000117,4,REMOTE
EMP000117,5,REMOTE
EMP000117,6,REMOTE
EMP000117,7,REMOTE
EMP000118,1,REMOTE
EMP000118,2,OFFICE
EMP000118,3,OFFICE
EMP000118,4,OFFICE
EMP000118,5,REMOTE
EMP000118,6,REMOTE
EMP000118,7,REMOTE
EMP000119,1,OFFICE
EMP000119,2,OFFICE
EMP000119,3,OFFICE
EMP000119,4,OFFICE
EMP000119,5,OFFICE
EMP000119,6,REMOTE
EMP000119,7,REMOTE
EMP000120,1,OFFICE
EMP000120,2,OFFICE
EMP000120,3,OFFICE
EMP000120,4,OFFICE
EMP000120,5,OFFICE
EMP000120,6,REMOTE
EMP000120,7,REMOTE
EMP000121,1,OFFICE
EMP000121,2,OFFICE
EMP000121,3,OFFICE
EMP000121,4,OFFICE
EMP000121,5,OFFICE
EMP000121,6,REMOTE
EMP000121,7,REMOTE
EMP000122,1,REMOTE
EMP000122,2,REMOTE
EMP000122,3,REMOTE
EMP000122,4,REMOTE
EMP000122,5,REMOTE
EMP000122,6,REMOTE
EMP000122,7,REMOTE
EMP000123,1,REMOTE
EMP000123,2,OFFICE
EMP000123,3,OFFICE
EMP000123,4,OFFICE
EMP000123,5,REMOTE
EMP000123,6,REMOTE
EMP000123,7,REMOTE
EMP000124,1,REMOTE
EMP000124,2,REMOTE
EMP000124,3,REMOTE
EMP000124,4,REMOTE
EMP000124,5,REMOTE
EMP000124,6,REMOTE
EMP000124,7,REMOTE
EMP000125,1,OFFICE
EMP000125,2,OFFICE
EMP000125,3,OFFICE
EMP000125,4,OFFICE
EMP000125,5,OFFICE
EMP000125,6,REMOTE
EMP000125,7,REMOTE
EMP000126,1,FLEX
EMP000126,2,OFFICE
EMP000126,3,OFFICE
EMP000126,4,OFFICE
EMP000126,5,REMOTE
EMP000126,6,REMOTE
EMP000126,7,REMOTE
EMP000127,1,REMOTE
EMP000127,2,REMOTE
EMP000127,3,REMOTE
EMP000127,4,REMOTE
EMP000127,5,REMOTE
EMP000127,6,REMOTE
EMP000127,7,REMOTE
EMP000128,1,REMOTE
EMP000128,2,OFFICE
EMP000128,3,OFFICE
EMP000128,4,OFFICE
EMP000128,5,REMOTE
EMP000128,6,REMOTE
EMP000128,7,REMOTE
EMP000129,1,FLEX
EMP000129,2,OFFICE
EMP000129,3,OFFICE
EMP000129,4,OFFICE
EMP000129,5,REMOTE
EMP000129,6,REMOTE
EMP000129,7,REMOTE
EMP000130,1,OFFICE
EMP000130,2,OFFICE
EMP000130,3,OFFICE
EMP000130,4,OFFICE
EMP000130,5,OFFICE
EMP000130,6,REMOTE
EMP000130,7,REMOTE
EMP000131,1,FLEX
EMP000131,2,OFFICE
EMP000131,3,OFFICE
EMP000131,4,OFFICE
EMP000131,5,REMOTE
EMP000131,6,REMOTE
EMP000131,7,REMOTE
EMP000132,1,REMOTE
EMP000132,2,OFFICE
EMP000132,3,OFFICE
EMP000132,4,OFFICE
EMP000132,5,REMOTE
EMP000132,6,REMOTE
EMP000132,7,REMOTE
EMP000133,1,REMOTE
EMP000133,2,OFFICE
EMP000133,3,OFFICE
EMP000133,4,OFFICE
EMP000133,5,FLEX
EMP000133,6,REMOTE
EMP000133,7,REMOTE
EMP000134,1,REMOTE
EMP000134,2,OFFICE
EMP000134,3,OFFICE
EMP000134,4,OFFICE
EMP000134,5,REMOTE
EMP000134,6,REMOTE
EMP000134,7,REMOTE
EMP000135,1,REMOTE
EMP000135,2,REMOTE
EMP000135,3,REMOTE
EMP000135,4,REMOTE
EMP000135,5,REMOTE
EMP000135,6,REMOTE
EMP000135,7,REMOTE
EMP000136,1,REMOTE
EMP000136,2,OFFICE
EMP000136,3,OFFICE
EMP000136,4,OFFICE
EMP000136,5,REMOTE
EMP000136,6,REMOTE
EMP000136,7,REMOTE
EMP000137,1,REMOTE
EMP000137,2,REMOTE
EMP000137,3,REMOTE
EMP000137,4,REMOTE
EMP000137,5,REMOTE
EMP000137,6,REMOTE
EMP000137,7,REMOTE
EMP000138,1,REMOTE
EMP000138,2,OFFICE
EMP000138,3,OFFICE
EMP000138,4,OFFICE
EMP000138,5,REMOTE
EMP000138,6,REMOTE
EMP000138,7,REMOTE
EMP000139,1,REMOTE
EMP000139,2,REMOTE
EMP000139,3,REMOTE
EMP000139,4,REMOTE
EMP000139,5,REMOTE
EMP000139,6,REMOTE
EMP000139,7,REMOTE
EMP000140,1,FLEX
EMP000140,2,OFFICE
EMP000140,3,OFFICE
EMP000140,4,OFFICE
EMP000140,5,REMOTE
EMP000140,6,REMOTE
EMP000140,7,REMOTE
EMP000141,1,REMOTE
EMP000141,2,REMOTE
EMP000141,3,REMOTE
EMP000141,4,REMOTE
EMP000141,5,REMOTE
EMP000141,6,REMOTE
EMP000141,7,REMOTE
EMP000142,1,REMOTE
EMP000142,2,OFFICE
EMP000142,3,OFFICE
EMP000142,4,OFFICE
EMP000142,5,REMOTE
EMP000142,6,REMOTE
EMP000142,7,REMOTE
EMP000143,1,FLEX
EMP000143,2,OFFICE
EMP000143,3,OFFICE
EMP000143,4,OFFICE
EMP000143,5,REMOTE
EMP000143,6,REMOTE
EMP000143,7,REMOTE
EMP000144,1,REMOTE
EMP000144,2,REMOTE
EMP000144,3,REMOTE
EMP000144,4,REMOTE
EMP000144,5,REMOTE
EMP000144,6,REMOTE
EMP000144,7,REMOTE
EMP000145,1,OFFICE
EMP000145,2,OFFICE
EMP000145,3,OFFICE
EMP000145,4,OFFICE
EMP000145,5,OFFICE
EMP000145,6,REMOTE
EMP000145,7,REMOTE
EMP000146,1,OFFICE
EMP000146,2,OFFICE
EMP000146,3,OFFICE
EMP000146,4,OFFICE
EMP000146,5,OFFICE
EMP000146,6,REMOTE
EMP000146,7,REMOTE
EMP000147,1,REMOTE
EMP000147,2,OFFICE
EMP000147,3,OFFICE
EMP000147,4,OFFICE
EMP000147,5,REMOTE
EMP000147,6,REMOTE
EMP000147,7,REMOTE
EMP000148,1,OFFICE
EMP000148,2,OFFICE
EMP000148,3,OFFICE
EMP000148,4,OFFICE
EMP000148,5,OFFICE
EMP000148,6,REMOTE
EMP000148,7,REMOTE
EMP000149,1,REMOTE
EMP000149,2,REMOTE
EMP000149,3,REMOTE
EMP000149,4,REMOTE
EMP000149,5,REMOTE
EMP000149,6,REMOTE
EMP000149,7,REMOTE
EMP000150,1,OFFICE
EMP000150,2,OFFICE
EMP000150,3,OFFICE
EMP000150,4,OFFICE
EMP000150,5,OFFICE
EMP000150,6,REMOTE
EMP000150,7,REMOTE
EMP000151,1,FLEX
EMP000151,2,OFFICE
EMP000151,3,OFFICE
EMP000151,4,OFFICE
EMP000151,5,REMOTE
EMP000151,6,REMOTE
EMP000151,7,REMOTE
EMP000152,1,OFFICE
EMP000152,2,OFFICE
EMP000152,3,OFFICE
EMP000152,4,OFFICE
EMP000152,5,OFFICE
EMP000152,6,REMOTE
EMP000152,7,REMOTE
EMP000153,1,REMOTE
EMP000153,2,OFFICE
EMP000153,3,OFFICE
EMP000153,4,OFFICE
EMP000153,5,REMOTE
EMP000153,6,REMOTE
EMP000153,7,REMOTE
EMP000154,1,REMOTE
EMP000154,2,OFFICE
EMP000154,3,OFFICE
EMP000154,4,OFFICE
EMP000154,5,REMOTE
EMP000154,6,REMOTE
EMP000154,7,REMOTE
EMP000155,1,REMOTE
EMP000155,2,REMOTE
EMP000155,3,REMOTE
EMP000155,4,REMOTE
EMP000155,5,REMOTE
EMP000155,6,REMOTE
EMP000155,7,REMOTE
EMP000156,1,REMOTE
EMP000156,2,OFFICE
EMP000156,3,OFFICE
EMP000156,4,OFFICE
EMP000156,5,REMOTE
EMP000156,6,REMOTE
EMP000156,7,REMOTE
EMP000157,1,REMOTE
EMP000157,2,OFFICE
EMP000157,3,OFFICE
EMP000157,4,OFFICE
EMP000157,5,FLEX
EMP000157,6,REMOTE
EMP000157,7,REMOTE
EMP000158,1,REMOTE
EMP000158,2,OFFICE
EMP000158,3,OFFICE
EMP000158,4,OFFICE
EMP000158,5,REMOTE
EMP000158,6,REMOTE
EMP000158,7,REMOTE
EMP000159,1,REMOTE
EMP000159,2,OFFICE
EMP000159,3,OFFICE
EMP000159,4,OFFICE
EMP000159,5,REMOTE
EMP000159,6,REMOTE
EMP000159,7,REMOTE
EMP000160,1,OFFICE
EMP000160,2,OFFICE
EMP000160,3,OFFICE
EMP000160,4,OFFICE
EMP000160,5,OFFICE
EMP000160,6,REMOTE
EMP000160,7,REMOTE
EMP000161,1,OFFICE
EMP000161,2,OFFICE
EMP000161,3,OFFICE
EMP000161,4,OFFICE
EMP000161,5,OFFICE
EMP000161,6,REMOTE
EMP000161,7,REMOTE
EMP000162,1,REMOTE
EMP000162,2,OFFICE
EMP000162,3,OFFICE
EMP000162,4,OFFICE
EMP000162,5,FLEX
EMP000162,6,REMOTE
EMP000162,7,REMOTE
EMP000163,1,REMOTE
EMP000163,2,REMOTE
EMP000163,3,REMOTE
EMP000163,4,REMOTE
EMP000163,5,REMOTE
EMP000163,6,REMOTE
EMP000163,7,REMOTE
EMP000164,1,OFFICE
EMP000164,2,OFFICE
EMP000164,3,OFFICE
EMP000164,4,OFFICE
EMP000164,5,OFFICE
EMP000164,6,REMOTE
EMP000164,7,REMOTE
EMP000165,1,REMOTE
EMP000165,2,OFFICE
EMP000165,3,OFFICE
EMP000165,4,OFFICE
EMP000165,5,REMOTE
EMP000165,6,REMOTE
EMP000165,7,REMOTE
EMP000166,1,OFFICE
EMP000166,2,OFFICE
EMP000166,3,OFFICE
EMP000166,4,OFFICE
EMP000166,5,OFFICE
EMP000166,6,REMOTE
EMP000166,7,REMOTE
EMP000167,1,REMOTE
EMP000167,2,REMOTE
EMP000167,3,REMOTE
EMP000167,4,REMOTE
EMP000167,5,REMOTE
EMP000167,6,REMOTE
EMP000167,7,REMOTE
EMP000168,1,OFFICE
EMP000168,2,OFFICE
EMP000168,3,OFFICE
EMP000168,4,OFFICE
EMP000168,5,OFFICE
EMP000168,6,REMOTE
EMP000168,7,REMOTE
EMP000169,1,REMOTE
EMP000169,2,OFFICE
EMP000169,3,OFFICE
EMP000169,4,OFFICE
EMP000169,5,REMOTE
EMP000169,6,REMOTE
EMP000169,7,REMOTE
EMP000170,1,OFFICE
EMP000170,2,OFFICE
EMP000170,3,OFFICE
EMP000170,4,OFFICE
EMP000170,5,OFFICE
EMP000170,6,REMOTE
EMP000170,7,REMOTE
EMP000171,1,REMOTE
EMP000171,2,REMOTE
EMP000171,3,REMOTE
EMP000171,4,REMOTE
EMP000171,5,REMOTE
EMP000171,6,REMOTE
EMP000171,7,REMOTE
EMP000172,1,REMOTE
EMP000172,2,OFFICE
EMP000172,3,OFFICE
EMP000172,4,OFFICE
EMP000172,5,REMOTE
EMP000172,6,REMOTE
EMP000172,7,REMOTE
EMP000173,1,OFFICE
EMP000173,2,OFFICE
EMP000173,3,OFFICE
EMP000173,4,OFFICE
EMP000173,5,OFFICE
EMP000173,6,REMOTE
EMP000173,7,REMOTE
EMP000174,1,REMOTE
EMP000174,2,OFFICE
EMP000174,3,OFFICE
EMP000174,4,OFFICE
EMP000174,5,REMOTE
EMP000174,6,REMOTE
EMP000174,7,REMOTE
EMP000175,1,OFFICE
EMP000175,2,OFFICE
EMP000175,3,OFFICE
EMP000175,4,OFFICE
EMP000175,5,OFFICE
EMP000175,6,REMOTE
EMP000175,7,REMOTE
EMP000176,1,REMOTE
EMP000176,2,OFFICE
EMP000176,3,OFFICE
EMP000176,4,OFFICE
EMP000176,5,REMOTE
EMP000176,6,REMOTE
EMP000176,7,REMOTE
EMP000177,1,REMOTE
EMP000177,2,OFFICE
EMP000177,3,OFFICE
EMP000177,4,OFFICE
EMP000177,5,REMOTE
EMP000177,6,REMOTE
EMP000177,7,REMOTE
EMP000178,1,OFFICE
EMP000178,2,OFFICE
EMP000178,3,OFFICE
EMP000178,4,OFFICE
EMP000178,5,OFFICE
EMP000178,6,REMOTE
EMP000178,7,REMOTE
EMP000179,1,FLEX
EMP000179,2,OFFICE
EMP000179,3,OFFICE
EMP000179,4,OFFICE
EMP000179,5,REMOTE
EMP000179,6,REMOTE
EMP000179,7,REMOTE
EMP000180,1,FLEX
EMP000180,2,OFFICE
EMP000180,3,OFFICE
EMP000180,4,OFFICE
EMP000180,5,REMOTE
EMP000180,6,REMOTE
EMP000180,7,REMOTE
EMP000181,1,REMOTE
EMP000181,2,REMOTE
EMP000181,3,REMOTE
EMP000181,4,REMOTE
EMP000181,5,REMOTE
EMP000181,6,REMOTE
EMP000181,7,REMOTE
EMP000182,1,OFFICE
EMP000182,2,OFFICE
EMP000182,3,OFFICE
EMP000182,4,OFFICE
EMP000182,5,OFFICE
EMP000182,6,REMOTE
EMP000182,7,REMOTE
EMP000183,1,OFFICE
EMP000183,2,OFFICE
EMP000183,3,OFFICE
EMP000183,4,OFFICE
EMP000183,5,OFFICE
EMP000183,6,REMOTE
EMP000183,7,REMOTE
EMP000184,1,OFFICE
EMP000184,2,OFFICE
EMP000184,3,OFFICE
EMP000184,4,OFFICE
EMP000184,5,OFFICE
EMP000184,6,REMOTE
EMP000184,7,REMOTE
EMP000185,1,REMOTE
EMP000185,2,OFFICE
EMP000185,3,OFFICE
EMP000185,4,OFFICE
EMP000185,5,REMOTE
EMP000185,6,REMOTE
EMP000185,7,REMOTE
EMP000186,1,OFFICE
EMP000186,2,OFFICE
EMP000186,3,OFFICE
EMP000186,4,OFFICE
EMP000186,5,OFFICE
EMP000186,6,REMOTE
EMP000186,7,REMOTE
EMP000187,1,OFFICE
EMP000187,2,OFFICE
EMP000187,3,OFFICE
EMP000187,4,OFFICE
EMP000187,5,OFFICE
EMP000187,6,REMOTE
EMP000187,7,REMOTE
EMP000188,1,FLEX
EMP000188,2,OFFICE
EMP000188,3,OFFICE
EMP000188,4,OFFICE
EMP000188,5,REMOTE
EMP000188,6,REMOTE
EMP000188,7,REMOTE
EMP000189,1,REMOTE
EMP000189,2,OFFICE
EMP000189,3,OFFICE
EMP000189,4,OFFICE
EMP000189,5,FLEX
EMP000189,6,REMOTE
EMP000189,7,REMOTE
EMP000190,1,REMOTE
EMP000190,2,OFFICE
EMP000190,3,OFFICE
EMP000190,4,OFFICE
EMP000190,5,REMOTE
EMP000190,6,REMOTE
EMP000190,7,REMOTE
EMP000191,1,REMOTE
EMP000191,2,REMOTE
EMP000191,3,REMOTE
EMP000191,4,REMOTE
EMP000191,5,REMOTE
EMP000191,6,REMOTE
EMP000191,7,REMOTE
EMP000192,1,OFFICE
EMP000192,2,OFFICE
EMP000192,3,OFFICE
EMP000192,4,OFFICE
EMP000192,5,OFFICE
EMP000192,6,REMOTE
EMP000192,7,REMOTE
EMP000193,1,OFFICE
EMP000193,2,OFFICE
EMP000193,3,OFFICE
EMP000193,4,OFFICE
EMP000193,5,OFFICE
EMP000193,6,REMOTE
EMP000193,7,REMOTE
EMP000194,1,REMOTE
EMP000194,2,REMOTE
EMP000194,3,REMOTE
EMP000194,4,REMOTE
EMP000194,5,REMOTE
EMP000194,6,REMOTE
EMP000194,7,REMOTE
EMP000195,1,OFFICE
EMP000195,2,OFFICE
EMP000195,3,OFFICE
EMP000195,4,OFFICE
EMP000195,5,OFFICE
EMP000195,6,REMOTE
EMP000195,7,REMOTE
EMP000196,1,REMOTE
EMP000196,2,REMOTE
EMP000196,3,REMOTE
EMP000196,4,REMOTE
EMP000196,5,REMOTE
EMP000196,6,REMOTE
EMP000196,7,REMOTE
EMP000197,1,REMOTE
EMP000197,2,REMOTE
EMP000197,3,REMOTE
EMP000197,4,REMOTE
EMP000197,5,REMOTE
EMP000197,6,REMOTE
EMP000197,7,REMOTE
EMP000198,1,OFFICE
EMP000198,2,OFFICE
EMP000198,3,OFFICE
EMP000198,4,OFFICE
EMP000198,5,OFFICE
EMP000198,6,REMOTE
EMP000198,7,REMOTE
EMP000199,1,REMOTE
EMP000199,2,OFFICE
EMP000199,3,OFFICE
EMP000199,4,OFFICE
EMP000199,5,REMOTE
EMP000199,6,REMOTE
EMP000199,7,REMOTE
EMP000200,1,REMOTE
EMP000200,2,OFFICE
EMP000200,3,OFFICE
EMP000200,4,OFFICE
EMP000200,5,REMOTE
EMP000200,6,REMOTE
EMP000200,7,REMOTE
EMP000201,1,REMOTE
EMP000201,2,OFFICE
EMP000201,3,OFFICE
EMP000201,4,OFFICE
EMP000201,5,REMOTE
EMP000201,6,REMOTE
EMP000201,7,REMOTE
EMP000202,1,FLEX
EMP000202,2,OFFICE
EMP000202,3,OFFICE
EMP000202,4,OFFICE
EMP000202,5,REMOTE
EMP000202,6,REMOTE
EMP000202,7,REMOTE
EMP000203,1,FLEX
EMP000203,2,OFFICE
EMP000203,3,OFFICE
EMP000203,4,OFFICE
EMP000203,5,REMOTE
EMP000203,6,REMOTE
EMP000203,7,REMOTE
EMP000204,1,REMOTE
EMP000204,2,OFFICE
EMP000204,3,OFFICE
EMP000204,4,OFFICE
EMP000204,5,REMOTE
EMP000204,6,REMOTE
EMP000204,7,REMOTE
EMP000205,1,OFFICE
EMP000205,2,OFFICE
EMP000205,3,OFFICE
EMP000205,4,OFFICE
EMP000205,5,OFFICE
EMP000205,6,REMOTE
EMP000205,7,REMOTE
EMP000206,1,REMOTE
EMP000206,2,OFFICE
EMP000206,3,OFFICE
EMP000206,4,OFFICE
EMP000206,5,REMOTE
EMP000206,6,REMOTE
EMP000206,7,REMOTE
EMP000207,1,OFFICE
EMP000207,2,OFFICE
EMP000207,3,OFFICE
EMP000207,4,OFFICE
EMP000207,5,OFFICE
EMP000207,6,REMOTE
EMP000207,7,REMOTE
EMP000208,1,REMOTE
EMP000208,2,OFFICE
EMP000208,3,OFFICE
EMP000208,4,OFFICE
EMP000208,5,FLEX
EMP000208,6,REMOTE
EMP000208,7,REMOTE
EMP000209,1,FLEX
EMP000209,2,OFFICE
EMP000209,3,OFFICE
EMP000209,4,OFFICE
EMP000209,5,REMOTE
EMP000209,6,REMOTE
EMP000209,7,REMOTE
EMP000210,1,OFFICE
EMP000210,2,OFFICE
EMP000210,3,OFFICE
EMP000210,4,OFFICE
EMP000210,5,OFFICE
EMP000210,6,REMOTE
EMP000210,7,REMOTE
EMP000211,1,REMOTE
EMP000211,2,OFFICE
EMP000211,3,OFFICE
EMP000211,4,OFFICE
EMP000211,5,REMOTE
EMP000211,6,REMOTE
EMP000211,7,REMOTE
EMP000212,1,REMOTE
EMP000212,2,OFFICE
EMP000212,3,OFFICE
EMP000212,4,OFFICE
EMP000212,5,REMOTE
EMP000212,6,REMOTE
EMP000212,7,REMOTE
EMP000213,1,REMOTE
EMP000213,2,REMOTE
EMP000213,3,REMOTE
EMP000213,4,REMOTE
EMP000213,5,REMOTE
EMP000213,6,REMOTE
EMP000213,7,REMOTE
EMP000214,1,REMOTE
EMP000214,2,REMOTE
EMP000214,3,REMOTE
EMP000214,4,REMOTE
EMP000214,5,REMOTE
EMP000214,6,REMOTE
EMP000214,7,REMOTE
EMP000215,1,REMOTE
EMP000215,2,OFFICE
EMP000215,3,OFFICE
EMP000215,4,OFFICE
EMP000215,5,REMOTE
EMP000215,6,REMOTE
EMP000215,7,REMOTE
EMP000216,1,REMOTE
EMP000216,2,OFFICE
EMP000216,3,OFFICE
EMP000216,4,OFFICE
EMP000216,5,REMOTE
EMP000216,6,REMOTE
EMP000216,7,REMOTE
EMP000217,1,OFFICE
EMP000217,2,OFFICE
EMP000217,3,OFFICE
EMP000217,4,OFFICE
EMP000217,5,OFFICE
EMP000217,6,REMOTE
EMP000217,7,REMOTE
EMP000218,1,REMOTE
EMP000218,2,OFFICE
EMP000218,3,OFFICE
EMP000218,4,OFFICE
EMP000218,5,REMOTE
EMP000218,6,REMOTE
EMP000218,7,REMOTE
EMP000219,1,REMOTE
EMP000219,2,OFFICE
EMP000219,3,OFFICE
EMP000219,4,OFFICE
EMP000219,5,REMOTE
EMP000219,6,REMOTE
EMP000219,7,REMOTE
EMP000220,1,REMOTE
EMP000220,2,OFFICE
EMP000220,3,OFFICE
EMP000220,4,OFFICE
EMP000220,5,REMOTE
EMP000220,6,REMOTE
EMP000220,7,REMOTE
EMP000221,1,REMOTE
EMP000221,2,REMOTE
EMP000221,3,REMOTE
EMP000221,4,REMOTE
EMP000221,5,REMOTE
EMP000221,6,REMOTE
EMP000221,7,REMOTE
EMP000222,1,REMOTE
EMP000222,2,OFFICE
EMP000222,3,OFFICE
EMP000222,4,OFFICE
EMP000222,5,REMOTE
EMP000222,6,REMOTE
EMP000222,7,REMOTE
EMP000223,1,REMOTE
EMP000223,2,OFFICE
EMP000223,3,OFFICE
EMP000223,4,OFFICE
EMP000223,5,REMOTE
EMP000223,6,REMOTE
EMP000223,7,REMOTE
EMP000224,1,OFFICE
EMP000224,2,OFFICE
EMP000224,3,OFFICE
EMP000224,4,OFFICE
EMP000224,5,OFFICE
EMP000224,6,REMOTE
EMP000224,7,REMOTE
EMP000225,1,REMOTE
EMP000225,2,REMOTE
EMP000225,3,REMOTE
EMP000225,4,REMOTE
EMP000225,5,REMOTE
EMP000225,6,REMOTE
EMP000225,7,REMOTE
EMP000226,1,REMOTE
EMP000226,2,OFFICE
EMP000226,3,OFFICE
EMP000226,4,OFFICE
EMP000226,5,REMOTE
EMP000226,6,REMOTE
EMP000226,7,REMOTE
EMP000227,1,FLEX
EMP000227,2,OFFICE
EMP000227,3,OFFICE
EMP000227,4,OFFICE
EMP000227,5,REMOTE
EMP000227,6,REMOTE
EMP000227,7,REMOTE
EMP000228,1,REMOTE
EMP000228,2,REMOTE
EMP000228,3,REMOTE
EMP000228,4,REMOTE
EMP000228,5,REMOTE
EMP000228,6,REMOTE
EMP000228,7,REMOTE
EMP000229,1,OFFICE
EMP000229,2,OFFICE
EMP000229,3,OFFICE
EMP000229,4,OFFICE
EMP000229,5,OFFICE
EMP000229,6,REMOTE
EMP000229,7,REMOTE
EMP000230,1,FLEX
EMP000230,2,OFFICE
EMP000230,3,OFFICE
EMP000230,4,OFFICE
EMP000230,5,REMOTE
EMP000230,6,REMOTE
EMP000230,7,REMOTE
EMP000231,1,REMOTE
EMP000231,2,OFFICE
EMP000231,3,OFFICE
EMP000231,4,OFFICE
EMP000231,5,REMOTE
EMP000231,6,REMOTE
EMP000231,7,REMOTE
EMP000232,1,REMOTE
EMP000232,2,REMOTE
EMP000232,3,REMOTE
EMP000232,4,REMOTE
EMP000232,5,REMOTE
EMP000232,6,REMOTE
EMP000232,7,REMOTE
EMP000233,1,REMOTE
EMP000233,2,REMOTE
EMP000233,3,REMOTE
EMP000233,4,REMOTE
EMP000233,5,REMOTE
EMP000233,6,REMOTE
EMP000233,7,REMOTE
EMP000234,1,REMOTE
EMP000234,2,OFFICE
EMP000234,3,OFFICE
EMP000234,4,OFFICE
EMP000234,5,REMOTE
EMP000234,6,REMOTE
EMP000234,7,REMOTE
EMP000235,1,REMOTE
EMP000235,2,OFFICE
EMP000235,3,OFFICE
EMP000235,4,OFFICE
EMP000235,5,REMOTE
EMP000235,6,REMOTE
EMP000235,7,REMOTE
EMP000236,1,OFFICE
EMP000236,2,OFFICE
EMP000236,3,OFFICE
EMP000236,4,OFFICE
EMP000236,5,OFFICE
EMP000236,6,REMOTE
EMP000236,7,REMOTE
EMP000237,1,OFFICE
EMP000237,2,OFFICE
EMP000237,3,OFFICE
EMP000237,4,OFFICE
EMP000237,5,OFFICE
EMP000237,6,REMOTE
EMP000237,7,REMOTE
EMP000238,1,FLEX
EMP000238,2,OFFICE
EMP000238,3,OFFICE
EMP000238,4,OFFICE
EMP000238,5,REMOTE
EMP000238,6,REMOTE
EMP000238,7,REMOTE
EMP000239,1,REMOTE
EMP000239,2,REMOTE
EMP000239,3,REMOTE
EMP000239,4,REMOTE
EMP000239,5,REMOTE
EMP000239,6,REMOTE
EMP000239,7,REMOTE
EMP000240,1,OFFICE
EMP000240,2,OFFICE
EMP000240,3,OFFICE
EMP000240,4,OFFICE
EMP000240,5,OFFICE
EMP000240,6,REMOTE
EMP000240,7,REMOTE
EMP000241,1,OFFICE
EMP000241,2,OFFICE
EMP000241,3,OFFICE
EMP000241,4,OFFICE
EMP000241,5,OFFICE
EMP000241,6,REMOTE
EMP000241,7,REMOTE
EMP000242,1,REMOTE
EMP000242,2,OFFICE
EMP000242,3,OFFICE
EMP000242,4,OFFICE
EMP000242,5,FLEX
EMP000242,6,REMOTE
EMP000242,7,REMOTE
EMP000243,1,REMOTE
EMP000243,2,REMOTE
EMP000243,3,REMOTE
EMP000243,4,REMOTE
EMP000243,5,REMOTE
EMP000243,6,REMOTE
EMP000243,7,REMOTE
EMP000244,1,OFFICE
EMP000244,2,OFFICE
EMP000244,3,OFFICE
EMP000244,4,OFFICE
EMP000244,5,OFFICE
EMP000244,6,REMOTE
EMP000244,7,REMOTE
EMP000245,1,FLEX
EMP000245,2,OFFICE
EMP000245,3,OFFICE
EMP000245,4,OFFICE
EMP000245,5,REMOTE
EMP000245,6,REMOTE
EMP000245,7,REMOTE
EMP000246,1,REMOTE
EMP000246,2,OFFICE
EMP000246,3,OFFICE
EMP000246,4,OFFICE
EMP000246,5,REMOTE
EMP000246,6,REMOTE
EMP000246,7,REMOTE
EMP000247,1,FLEX
EMP000247,2,OFFICE
EMP000247,3,OFFICE
EMP000247,4,OFFICE
EMP000247,5,REMOTE
EMP000247,6,REMOTE
EMP000247,7,REMOTE
EMP000248,1,OFFICE
EMP000248,2,OFFICE
EMP000248,3,OFFICE
EMP000248,4,OFFICE
EMP000248,5,OFFICE
EMP000248,6,REMOTE
EMP000248,7,REMOTE
EMP000249,1,OFFICE
EMP000249,2,OFFICE
EMP000249,3,OFFICE
EMP000249,4,OFFICE
EMP000249,5,OFFICE
EMP000249,6,REMOTE
EMP000249,7,REMOTE
EMP000250,1,REMOTE
EMP000250,2,OFFICE
EMP000250,3,OFFICE
EMP000250,4,OFFICE
EMP000250,5,REMOTE
EMP000250,6,REMOTE
EMP000250,7,REMOTE
EMP000251,1,REMOTE
EMP000251,2,OFFICE
EMP000251,3,OFFICE
EMP000251,4,OFFICE
EMP000251,5,REMOTE
EMP000251,6,REMOTE
EMP000251,7,REMOTE
EMP000252,1,REMOTE
EMP000252,2,OFFICE
EMP000252,3,OFFICE
EMP000252,4,OFFICE
EMP000252,5,FLEX
EMP000252,6,REMOTE
EMP000252,7,REMOTE
EMP000253,1,OFFICE
EMP000253,2,OFFICE
EMP000253,3,OFFICE
EMP000253,4,OFFICE
EMP000253,5,OFFICE
EMP000253,6,REMOTE
EMP000253,7,REMOTE
EMP000254,1,REMOTE
EMP000254,2,OFFICE
EMP000254,3,OFFICE
EMP000254,4,OFFICE
EMP000254,5,REMOTE
EMP000254,6,REMOTE
EMP000254,7,REMOTE
EMP000255,1,OFFICE
EMP000255,2,OFFICE
EMP000255,3,OFFICE
EMP000255,4,OFFICE
EMP000255,5,OFFICE
EMP000255,6,REMOTE
EMP000255,7,REMOTE
EMP000256,1,OFFICE
EMP000256,2,OFFICE
EMP000256,3,OFFICE
EMP000256,4,OFFICE
EMP000256,5,OFFICE
EMP000256,6,REMOTE
EMP000256,7,REMOTE
EMP000257,1,OFFICE
EMP000257,2,OFFICE
EMP000257,3,OFFICE
EMP000257,4,OFFICE
EMP000257,5,OFFICE
EMP000257,6,REMOTE
EMP000257,7,REMOTE
EMP000258,1,REMOTE
EMP000258,2,OFFICE
EMP000258,3,OFFICE
EMP000258,4,OFFICE
EMP000258,5,FLEX
EMP000258,6,REMOTE
EMP000258,7,REMOTE
EMP000259,1,REMOTE
EMP000259,2,OFFICE
EMP000259,3,OFFICE
EMP000259,4,OFFICE
EMP000259,5,REMOTE
EMP000259,6,REMOTE
EMP000259,7,REMOTE
EMP000260,1,REMOTE
EMP000260,2,OFFICE
EMP000260,3,OFFICE
EMP000260,4,OFFICE
EMP000260,5,FLEX
EMP000260,6,REMOTE
EMP000260,7,REMOTE
EMP000261,1,FLEX
EMP000261,2,OFFICE
EMP000261,3,OFFICE
EMP000261,4,OFFICE
EMP000261,5,REMOTE
EMP000261,6,REMOTE
EMP000261,7,REMOTE
EMP000262,1,REMOTE
EMP000262,2,OFFICE
EMP000262,3,OFFICE
EMP000262,4,OFFICE
EMP000262,5,REMOTE
EMP000262,6,REMOTE
EMP000262,7,REMOTE
EMP000263,1,OFFICE
EMP000263,2,OFFICE
EMP000263,3,OFFICE
EMP000263,4,OFFICE
EMP000263,5,OFFICE
EMP000263,6,REMOTE
EMP000263,7,REMOTE
EMP000264,1,REMOTE
EMP000264,2,REMOTE
EMP000264,3,REMOTE
EMP000264,4,REMOTE
EMP000264,5,REMOTE
EMP000264,6,REMOTE
EMP000264,7,REMOTE
EMP000265,1,OFFICE
EMP000265,2,OFFICE
EMP000265,3,OFFICE
EMP000265,4,OFFICE
EMP000265,5,OFFICE
EMP000265,6,REMOTE
EMP000265,7,REMOTE
EMP000266,1,OFFICE
EMP000266,2,OFFICE
EMP000266,3,OFFICE
EMP000266,4,OFFICE
EMP000266,5,OFFICE
EMP000266,6,REMOTE
EMP000266,7,REMOTE
EMP000267,1,OFFICE
EMP000267,2,OFFICE
EMP000267,3,OFFICE
EMP000267,4,OFFICE
EMP000267,5,OFFICE
EMP000267,6,REMOTE
EMP000267,7,REMOTE
EMP000268,1,OFFICE
EMP000268,2,OFFICE
EMP000268,3,OFFICE
EMP000268,4,OFFICE
EMP000268,5,OFFICE
EMP000268,6,REMOTE
EMP000268,7,REMOTE
EMP000269,1,REMOTE
EMP000269,2,REMOTE
EMP000269,3,REMOTE
EMP000269,4,REMOTE
EMP000269,5,REMOTE
EMP000269,6,REMOTE
EMP000269,7,REMOTE
EMP000270,1,REMOTE
EMP000270,2,OFFICE
EMP000270,3,OFFICE
EMP000270,4,OFFICE
EMP000270,5,REMOTE
EMP000270,6,REMOTE
EMP000270,7,REMOTE
EMP000271,1,OFFICE
EMP000271,2,OFFICE
EMP000271,3,OFFICE
EMP000271,4,OFFICE
EMP000271,5,OFFICE
EMP000271,6,REMOTE
EMP000271,7,REMOTE
EMP000272,1,OFFICE
EMP000272,2,OFFICE
EMP000272,3,OFFICE
EMP000272,4,OFFICE
EMP000272,5,OFFICE
EMP000272,6,REMOTE
EMP000272,7,REMOTE
EMP000273,1,OFFICE
EMP000273,2,OFFICE
EMP000273,3,OFFICE
EMP000273,4,OFFICE
EMP000273,5,OFFICE
EMP000273,6,REMOTE
EMP000273,7,REMOTE
EMP000274,1,REMOTE
EMP000274,2,REMOTE
EMP000274,3,REMOTE
EMP000274,4,REMOTE
EMP000274,5,REMOTE
EMP000274,6,REMOTE
EMP000274,7,REMOTE
EMP000275,1,OFFICE
EMP000275,2,OFFICE
EMP000275,3,OFFICE
EMP000275,4,OFFICE
EMP000275,5,OFFICE
EMP000275,6,REMOTE
EMP000275,7,REMOTE
EMP000276,1,REMOTE
EMP000276,2,OFFICE
EMP000276,3,OFFICE
EMP000276,4,OFFICE
EMP000276,5,REMOTE
EMP000276,6,REMOTE
EMP000276,7,REMOTE
EMP000277,1,OFFICE
EMP000277,2,OFFICE
EMP000277,3,OFFICE
EMP000277,4,OFFICE
EMP000277,5,OFFICE
EMP000277,6,REMOTE
EMP000277,7,REMOTE
EMP000278,1,REMOTE
EMP000278,2,OFFICE
EMP000278,3,OFFICE
EMP000278,4,OFFICE
EMP000278,5,REMOTE
EMP000278,6,REMOTE
EMP000278,7,REMOTE
EMP000279,1,REMOTE
EMP000279,2,OFFICE
EMP000279,3,OFFICE
EMP000279,4,OFFICE
EMP000279,5,REMOTE
EMP000279,6,REMOTE
EMP000279,7,REMOTE
EMP000280,1,REMOTE
EMP000280,2,OFFICE
EMP000280,3,OFFICE
EMP000280,4,OFFICE
EMP000280,5,REMOTE
EMP000280,6,REMOTE
EMP000280,7,REMOTE
EMP000281,1,OFFICE
EMP000281,2,OFFICE
EMP000281,3,OFFICE
EMP000281,4,OFFICE
EMP000281,5,OFFICE
EMP000281,6,REMOTE
EMP000281,7,REMOTE
EMP000282,1,REMOTE
EMP000282,2,OFFICE
EMP000282,3,OFFICE
EMP000282,4,OFFICE
EMP000282,5,REMOTE
EMP000282,6,REMOTE
EMP000282,7,REMOTE
EMP000283,1,REMOTE
EMP000283,2,OFFICE
EMP000283,3,OFFICE
EMP000283,4,OFFICE
EMP000283,5,REMOTE
EMP000283,6,REMOTE
EMP000283,7,REMOTE
EMP000284,1,REMOTE
EMP000284,2,OFFICE
EMP000284,3,OFFICE
EMP000284,4,OFFICE
EMP000284,5,REMOTE
EMP000284,6,REMOTE
EMP000284,7,REMOTE
EMP000285,1,REMOTE
EMP000285,2,OFFICE
EMP000285,3,OFFICE
EMP000285,4,OFFICE
EMP000285,5,REMOTE
EMP000285,6,REMOTE
EMP000285,7,REMOTE
EMP000286,1,REMOTE
EMP000286,2,REMOTE
EMP000286,3,REMOTE
EMP000286,4,REMOTE
EMP000286,5,REMOTE
EMP000286,6,REMOTE
EMP000286,7,REMOTE
EMP000287,1,REMOTE
EMP000287,2,REMOTE
EMP000287,3,REMOTE
EMP000287,4,REMOTE
EMP000287,5,REMOTE
EMP000287,6,REMOTE
EMP000287,7,REMOTE
EMP000288,1,REMOTE
EMP000288,2,OFFICE
EMP000288,3,OFFICE
EMP000288,4,OFFICE
EMP000288,5,FLEX
EMP000288,6,REMOTE
EMP000288,7,REMOTE
EMP000289,1,REMOTE
EMP000289,2,OFFICE
EMP000289,3,OFFICE
EMP000289,4,OFFICE
EMP000289,5,REMOTE
EMP000289,6,REMOTE
EMP000289,7,REMOTE
EMP000290,1,REMOTE
EMP000290,2,OFFICE
EMP000290,3,OFFICE
EMP000290,4,OFFICE
EMP000290,5,FLEX
EMP000290,6,REMOTE
EMP000290,7,REMOTE
EMP000291,1,OFFICE
EMP000291,2,OFFICE
EMP000291,3,OFFICE
EMP000291,4,OFFICE
EMP000291,5,OFFICE
EMP000291,6,REMOTE
EMP000291,7,REMOTE
EMP000292,1,OFFICE
EMP000292,2,OFFICE
EMP000292,3,OFFICE
EMP000292,4,OFFICE
EMP000292,5,OFFICE
EMP000292,6,REMOTE
EMP000292,7,REMOTE
EMP000293,1,REMOTE
EMP000293,2,OFFICE
EMP000293,3,OFFICE
EMP000293,4,OFFICE
EMP000293,5,REMOTE
EMP000293,6,REMOTE
EMP000293,7,REMOTE
EMP000294,1,OFFICE
EMP000294,2,OFFICE
EMP000294,3,OFFICE
EMP000294,4,OFFICE
EMP000294,5,OFFICE
EMP000294,6,REMOTE
EMP000294,7,REMOTE
EMP000295,1,REMOTE
EMP000295,2,OFFICE
EMP000295,3,OFFICE
EMP000295,4,OFFICE
EMP000295,5,FLEX
EMP000295,6,REMOTE
EMP000295,7,REMOTE
EMP000296,1,REMOTE
EMP000296,2,REMOTE
EMP000296,3,REMOTE
EMP000296,4,REMOTE
EMP000296,5,REMOTE
EMP000296,6,REMOTE
EMP000296,7,REMOTE
EMP000297,1,REMOTE
EMP000297,2,OFFICE
EMP000297,3,OFFICE
EMP000297,4,OFFICE
EMP000297,5,FLEX
EMP000297,6,REMOTE
EMP000297,7,REMOTE
EMP000298,1,REMOTE
EMP000298,2,OFFICE
EMP000298,3,OFFICE
EMP000298,4,OFFICE
EMP000298,5,REMOTE
EMP000298,6,REMOTE
EMP000298,7,REMOTE
EMP000299,1,REMOTE
EMP000299,2,OFFICE
EMP000299,3,OFFICE
EMP000299,4,OFFICE
EMP000299,5,REMOTE
EMP000299,6,REMOTE
EMP000299,7,REMOTE
EMP000300,1,REMOTE
EMP000300,2,OFFICE
EMP000300,3,OFFICE
EMP000300,4,OFFICE
EMP000300,5,REMOTE
EMP000300,6,REMOTE
EMP000300,7,REMOTE
EMP000301,1,REMOTE
EMP000301,2,OFFICE
EMP000301,3,OFFICE
EMP000301,4,OFFICE
EMP000301,5,REMOTE
EMP000301,6,REMOTE
EMP000301,7,REMOTE
EMP000302,1,REMOTE
EMP000302,2,REMOTE
EMP000302,3,REMOTE
EMP000302,4,REMOTE
EMP000302,5,REMOTE
EMP000302,6,REMOTE
EMP000302,7,REMOTE
EMP000303,1,REMOTE
EMP000303,2,OFFICE
EMP000303,3,OFFICE
EMP000303,4,OFFICE
EMP000303,5,REMOTE
EMP000303,6,REMOTE
EMP000303,7,REMOTE
EMP000304,1,REMOTE
EMP000304,2,OFFICE
EMP000304,3,OFFICE
EMP000304,4,OFFICE
EMP000304,5,REMOTE
EMP000304,6,REMOTE
EMP000304,7,REMOTE
EMP000305,1,REMOTE
EMP000305,2,OFFICE
EMP000305,3,OFFICE
EMP000305,4,OFFICE
EMP000305,5,REMOTE
EMP000305,6,REMOTE
EMP000305,7,REMOTE
EMP000306,1,REMOTE
EMP000306,2,OFFICE
EMP000306,3,OFFICE
EMP000306,4,OFFICE
EMP000306,5,REMOTE
EMP000306,6,REMOTE
EMP000306,7,REMOTE
EMP000307,1,FLEX
EMP000307,2,OFFICE
EMP000307,3,OFFICE
EMP000307,4,OFFICE
EMP000307,5,REMOTE
EMP000307,6,REMOTE
EMP000307,7,REMOTE
EMP000308,1,REMOTE
EMP000308,2,OFFICE
EMP000308,3,OFFICE
EMP000308,4,OFFICE
EMP000308,5,FLEX
EMP000308,6,REMOTE
EMP000308,7,REMOTE
EMP000309,1,OFFICE
EMP000309,2,OFFICE
EMP000309,3,OFFICE
EMP000309,4,OFFICE
EMP000309,5,OFFICE
EMP000309,6,REMOTE
EMP000309,7,REMOTE
EMP000310,1,REMOTE
EMP000310,2,OFFICE
EMP000310,3,OFFICE
EMP000310,4,OFFICE
EMP000310,5,FLEX
EMP000310,6,REMOTE
EMP000310,7,REMOTE
EMP000311,1,FLEX
EMP000311,2,OFFICE
EMP000311,3,OFFICE
EMP000311,4,OFFICE
EMP000311,5,REMOTE
EMP000311,6,REMOTE
EMP000311,7,REMOTE
EMP000312,1,REMOTE
EMP000312,2,OFFICE
EMP000312,3,OFFICE
EMP000312,4,OFFICE
EMP000312,5,REMOTE
EMP000312,6,REMOTE
EMP000312,7,REMOTE
EMP000313,1,REMOTE
EMP000313,2,REMOTE
EMP000313,3,REMOTE
EMP000313,4,REMOTE
EMP000313,5,REMOTE
EMP000313,6,REMOTE
EMP000313,7,REMOTE
EMP000314,1,REMOTE
EMP000314,2,OFFICE
EMP000314,3,OFFICE
EMP000314,4,OFFICE
EMP000314,5,REMOTE
EMP000314,6,REMOTE
EMP000314,7,REMOTE
EMP000315,1,REMOTE
EMP000315,2,OFFICE
EMP000315,3,OFFICE
EMP000315,4,OFFICE
EMP000315,5,REMOTE
EMP000315,6,REMOTE
EMP000315,7,REMOTE
EMP000316,1,REMOTE
EMP000316,2,OFFICE
EMP000316,3,OFFICE
EMP000316,4,OFFICE
EMP000316,5,REMOTE
EMP000316,6,REMOTE
EMP000316,7,REMOTE
EMP000317,1,REMOTE
EMP000317,2,OFFICE
EMP000317,3,OFFICE
EMP000317,4,OFFICE
EMP000317,5,REMOTE
EMP000317,6,REMOTE
EMP000317,7,REMOTE
EMP000318,1,OFFICE
EMP000318,2,OFFICE
EMP000318,3,OFFICE
EMP000318,4,OFFICE
EMP000318,5,OFFICE
EMP000318,6,REMOTE
EMP000318,7,REMOTE
EMP000319,1,REMOTE
EMP000319,2,OFFICE
EMP000319,3,OFFICE
EMP000319,4,OFFICE
EMP000319,5,FLEX
EMP000319,6,REMOTE
EMP000319,7,REMOTE
EMP000320,1,REMOTE
EMP000320,2,OFFICE
EMP000320,3,OFFICE
EMP000320,4,OFFICE
EMP000320,5,REMOTE
EMP000320,6,REMOTE
EMP000320,7,REMOTE
EMP000321,1,REMOTE
EMP000321,2,OFFICE
EMP000321,3,OFFICE
EMP000321,4,OFFICE
EMP000321,5,REMOTE
EMP000321,6,REMOTE
EMP000321,7,REMOTE
EMP000322,1,OFFICE
EMP000322,2,OFFICE
EMP000322,3,OFFICE
EMP000322,4,OFFICE
EMP000322,5,OFFICE
EMP000322,6,REMOTE
EMP000322,7,REMOTE
EMP000323,1,OFFICE
EMP000323,2,OFFICE
EMP000323,3,OFFICE
EMP000323,4,OFFICE
EMP000323,5,OFFICE
EMP000323,6,REMOTE
EMP000323,7,REMOTE
EMP000324,1,REMOTE
EMP000324,2,OFFICE
EMP000324,3,OFFICE
EMP000324,4,OFFICE
EMP000324,5,REMOTE
EMP000324,6,REMOTE
EMP000324,7,REMOTE
EMP000325,1,REMOTE
EMP000325,2,OFFICE
EMP000325,3,OFFICE
EMP000325,4,OFFICE
EMP000325,5,REMOTE
EMP000325,6,REMOTE
EMP000325,7,REMOTE
EMP000326,1,OFFICE
EMP000326,2,OFFICE
EMP000326,3,OFFICE
EMP000326,4,OFFICE
EMP000326,5,OFFICE
EMP000326,6,REMOTE
EMP000326,7,REMOTE
EMP000327,1,REMOTE
EMP000327,2,OFFICE
EMP000327,3,OFFICE
EMP000327,4,OFFICE
EMP000327,5,REMOTE
EMP000327,6,REMOTE
EMP000327,7,REMOTE
EMP000328,1,REMOTE
EMP000328,2,OFFICE
EMP000328,3,OFFICE
EMP000328,4,OFFICE
EMP000328,5,REMOTE
EMP000328,6,REMOTE
EMP000328,7,REMOTE
EMP000329,1,FLEX
EMP000329,2,OFFICE
EMP000329,3,OFFICE
EMP000329,4,OFFICE
EMP000329,5,REMOTE
EMP000329,6,REMOTE
EMP000329,7,REMOTE
EMP000330,1,REMOTE
EMP000330,2,OFFICE
EMP000330,3,OFFICE
EMP000330,4,OFFICE
EMP000330,5,REMOTE
EMP000330,6,REMOTE
EMP000330,7,REMOTE
EMP000331,1,FLEX
EMP000331,2,OFFICE
EMP000331,3,OFFICE
EMP000331,4,OFFICE
EMP000331,5,REMOTE
EMP000331,6,REMOTE
EMP000331,7,REMOTE
EMP000332,1,OFFICE
EMP000332,2,OFFICE
EMP000332,3,OFFICE
EMP000332,4,OFFICE
EMP000332,5,OFFICE
EMP000332,6,REMOTE
EMP000332,7,REMOTE
EMP000333,1,OFFICE
EMP000333,2,OFFICE
EMP000333,3,OFFICE
EMP000333,4,OFFICE
EMP000333,5,OFFICE
EMP000333,6,REMOTE
EMP000333,7,REMOTE
EMP000334,1,REMOTE
EMP000334,2,OFFICE
EMP000334,3,OFFICE
EMP000334,4,OFFICE
EMP000334,5,REMOTE
EMP000334,6,REMOTE
EMP000334,7,REMOTE
EMP000335,1,REMOTE
EMP000335,2,OFFICE
EMP000335,3,OFFICE
EMP000335,4,OFFICE
EMP000335,5,FLEX
EMP000335,6,REMOTE
EMP000335,7,REMOTE
EMP000336,1,REMOTE
EMP000336,2,REMOTE
EMP000336,3,REMOTE
EMP000336,4,REMOTE
EMP000336,5,REMOTE
EMP000336,6,REMOTE
EMP000336,7,REMOTE
EMP000337,1,REMOTE
EMP000337,2,OFFICE
EMP000337,3,OFFICE
EMP000337,4,OFFICE
EMP000337,5,REMOTE
EMP000337,6,REMOTE
EMP000337,7,REMOTE
EMP000338,1,REMOTE
EMP000338,2,OFFICE
EMP000338,3,OFFICE
EMP000338,4,OFFICE
EMP000338,5,FLEX
EMP000338,6,REMOTE
EMP000338,7,REMOTE
EMP000339,1,REMOTE
EMP000339,2,OFFICE
EMP000339,3,OFFICE
EMP000339,4,OFFICE
EMP000339,5,FLEX
EMP000339,6,REMOTE
EMP000339,7,REMOTE
EMP000340,1,REMOTE
EMP000340,2,OFFICE
EMP000340,3,OFFICE
EMP000340,4,OFFICE
EMP000340,5,REMOTE
EMP000340,6,REMOTE
EMP000340,7,REMOTE
EMP000341,1,REMOTE
EMP000341,2,OFFICE
EMP000341,3,OFFICE
EMP000341,4,OFFICE
EMP000341,5,FLEX
EMP000341,6,REMOTE
EMP000341,7,REMOTE
EMP000342,1,OFFICE
EMP000342,2,OFFICE
EMP000342,3,OFFICE
EMP000342,4,OFFICE
EMP000342,5,OFFICE
EMP000342,6,REMOTE
EMP000342,7,REMOTE
EMP000343,1,REMOTE
EMP000343,2,OFFICE
EMP000343,3,OFFICE
EMP000343,4,OFFICE
EMP000343,5,REMOTE
EMP000343,6,REMOTE
EMP000343,7,REMOTE
EMP000344,1,OFFICE
EMP000344,2,OFFICE
EMP000344,3,OFFICE
EMP000344,4,OFFICE
EMP000344,5,OFFICE
EMP000344,6,REMOTE
EMP000344,7,REMOTE
EMP000345,1,REMOTE
EMP000345,2,OFFICE
EMP000345,3,OFFICE
EMP000345,4,OFFICE
EMP000345,5,FLEX
EMP000345,6,REMOTE
EMP000345,7,REMOTE
EMP000346,1,REMOTE
EMP000346,2,REMOTE
EMP000346,3,REMOTE
EMP000346,4,REMOTE
EMP000346,5,REMOTE
EMP000346,6,REMOTE
EMP000346,7,REMOTE
EMP000347,1,REMOTE
EMP000347,2,OFFICE
EMP000347,3,OFFICE
EMP000347,4,OFFICE
EMP000347,5,REMOTE
EMP000347,6,REMOTE
EMP000347,7,REMOTE
EMP000348,1,FLEX
EMP000348,2,OFFICE
EMP000348,3,OFFICE
EMP000348,4,OFFICE
EMP000348,5,REMOTE
EMP000348,6,REMOTE
EMP000348,7,REMOTE
EMP000349,1,REMOTE
EMP000349,2,OFFICE
EMP000349,3,OFFICE
EMP000349,4,OFFICE
EMP000349,5,REMOTE
EMP000349,6,REMOTE
EMP000349,7,REMOTE
EMP000350,1,OFFICE
EMP000350,2,OFFICE
EMP000350,3,OFFICE
EMP000350,4,OFFICE
EMP000350,5,OFFICE
EMP000350,6,REMOTE
EMP000350,7,REMOTE
EMP000351,1,FLEX
EMP000351,2,OFFICE
EMP000351,3,OFFICE
EMP000351,4,OFFICE
EMP000351,5,REMOTE
EMP000351,6,REMOTE
EMP000351,7,REMOTE
EMP000352,1,REMOTE
EMP000352,2,OFFICE
EMP000352,3,OFFICE
EMP000352,4,OFFICE
EMP000352,5,REMOTE
EMP000352,6,REMOTE
EMP000352,7,REMOTE
EMP000353,1,OFFICE
EMP000353,2,OFFICE
EMP000353,3,OFFICE
EMP000353,4,OFFICE
EMP000353,5,OFFICE
EMP000353,6,REMOTE
EMP000353,7,REMOTE
EMP000354,1,OFFICE
EMP000354,2,OFFICE
EMP000354,3,OFFICE
EMP000354,4,OFFICE
EMP000354,5,OFFICE
EMP000354,6,REMOTE
EMP000354,7,REMOTE
EMP000355,1,REMOTE
EMP000355,2,REMOTE
EMP000355,3,REMOTE
EMP000355,4,REMOTE
EMP000355,5,REMOTE
EMP000355,6,REMOTE
EMP000355,7,REMOTE
EMP000356,1,REMOTE
EMP000356,2,OFFICE
EMP000356,3,OFFICE
EMP000356,4,OFFICE
EMP000356,5,REMOTE
EMP000356,6,REMOTE
EMP000356,7,REMOTE
EMP000357,1,REMOTE
EMP000357,2,OFFICE
EMP000357,3,OFFICE
EMP000357,4,OFFICE
EMP000357,5,REMOTE
EMP000357,6,REMOTE
EMP000357,7,REMOTE
EMP000358,1,REMOTE
EMP000358,2,OFFICE
EMP000358,3,OFFICE
EMP000358,4,OFFICE
EMP000358,5,FLEX
EMP000358,6,REMOTE
EMP000358,7,REMOTE
EMP000359,1,OFFICE
EMP000359,2,OFFICE
EMP000359,3,OFFICE
EMP000359,4,OFFICE
EMP000359,5,OFFICE
EMP000359,6,REMOTE
EMP000359,7,REMOTE
EMP000360,1,REMOTE
EMP000360,2,OFFICE
EMP000360,3,OFFICE
EMP000360,4,OFFICE
EMP000360,5,FLEX
EMP000360,6,REMOTE
EMP000360,7,REMOTE
EMP000361,1,OFFICE
EMP000361,2,OFFICE
EMP000361,3,OFFICE
EMP000361,4,OFFICE
EMP000361,5,OFFICE
EMP000361,6,REMOTE
EMP000361,7,REMOTE
EMP000362,1,REMOTE
EMP000362,2,REMOTE
EMP000362,3,REMOTE
EMP000362,4,REMOTE
EMP000362,5,REMOTE
EMP000362,6,REMOTE
EMP000362,7,REMOTE
EMP000363,1,REMOTE
EMP000363,2,OFFICE
EMP000363,3,OFFICE
EMP000363,4,OFFICE
EMP000363,5,REMOTE
EMP000363,6,REMOTE
EMP000363,7,REMOTE
EMP000364,1,OFFICE
EMP000364,2,OFFICE
EMP000364,3,OFFICE
EMP000364,4,OFFICE
EMP000364,5,OFFICE
EMP000364,6,REMOTE
EMP000364,7,REMOTE
EMP000365,1,REMOTE
EMP000365,2,OFFICE
EMP000365,3,OFFICE
EMP000365,4,OFFICE
EMP000365,5,REMOTE
EMP000365,6,REMOTE
EMP000365,7,REMOTE
EMP000366,1,REMOTE
EMP000366,2,OFFICE
EMP000366,3,OFFICE
EMP000366,4,OFFICE
EMP000366,5,REMOTE
EMP000366,6,REMOTE
EMP000366,7,REMOTE
EMP000367,1,REMOTE
EMP000367,2,OFFICE
EMP000367,3,OFFICE
EMP000367,4,OFFICE
EMP000367,5,FLEX
EMP000367,6,REMOTE
EMP000367,7,REMOTE
EMP000368,1,OFFICE
EMP000368,2,OFFICE
EMP000368,3,OFFICE
EMP000368,4,OFFICE
EMP000368,5,OFFICE
EMP000368,6,REMOTE
EMP000368,7,REMOTE
EMP000369,1,FLEX
EMP000369,2,OFFICE
EMP000369,3,OFFICE
EMP000369,4,OFFICE
EMP000369,5,REMOTE
EMP000369,6,REMOTE
EMP000369,7,REMOTE
EMP000370,1,REMOTE
EMP000370,2,OFFICE
EMP000370,3,OFFICE
EMP000370,4,OFFICE
EMP000370,5,REMOTE
EMP000370,6,REMOTE
EMP000370,7,REMOTE
EMP000371,1,REMOTE
EMP000371,2,REMOTE
EMP000371,3,REMOTE
EMP000371,4,REMOTE
EMP000371,5,REMOTE
EMP000371,6,REMOTE
EMP000371,7,REMOTE
EMP000372,1,REMOTE
EMP000372,2,REMOTE
EMP000372,3,REMOTE
EMP000372,4,REMOTE
EMP000372,5,REMOTE
EMP000372,6,REMOTE
EMP000372,7,REMOTE
EMP000373,1,OFFICE
EMP000373,2,OFFICE
EMP000373,3,OFFICE
EMP000373,4,OFFICE
EMP000373,5,OFFICE
EMP000373,6,REMOTE
EMP000373,7,REMOTE
EMP000374,1,FLEX
EMP000374,2,OFFICE
EMP000374,3,OFFICE
EMP000374,4,OFFICE
EMP000374,5,REMOTE
EMP000374,6,REMOTE
EMP000374,7,REMOTE
EMP000375,1,REMOTE
EMP000375,2,OFFICE
EMP000375,3,OFFICE
EMP000375,4,OFFICE
EMP000375,5,REMOTE
EMP000375,6,REMOTE
EMP000375,7,REMOTE
EMP000376,1,REMOTE
EMP000376,2,OFFICE
EMP000376,3,OFFICE
EMP000376,4,OFFICE
EMP000376,5,REMOTE
EMP000376,6,REMOTE
EMP000376,7,REMOTE
EMP000377,1,REMOTE
EMP000377,2,OFFICE
EMP000377,3,OFFICE
EMP000377,4,OFFICE
EMP000377,5,FLEX
EMP000377,6,REMOTE
EMP000377,7,REMOTE
EMP000378,1,FLEX
EMP000378,2,OFFICE
EMP000378,3,OFFICE
EMP000378,4,OFFICE
EMP000378,5,REMOTE
EMP000378,6,REMOTE
EMP000378,7,REMOTE
EMP000379,1,REMOTE
EMP000379,2,OFFICE
EMP000379,3,OFFICE
EMP000379,4,OFFICE
EMP000379,5,FLEX
EMP000379,6,REMOTE
EMP000379,7,REMOTE
EMP000380,1,REMOTE
EMP000380,2,OFFICE
EMP000380,3,OFFICE
EMP000380,4,OFFICE
EMP000380,5,REMOTE
EMP000380,6,REMOTE
EMP000380,7,REMOTE
EMP000381,1,OFFICE
EMP000381,2,OFFICE
EMP000381,3,OFFICE
EMP000381,4,OFFICE
EMP000381,5,OFFICE
EMP000381,6,REMOTE
EMP000381,7,REMOTE
EMP000382,1,FLEX
EMP000382,2,OFFICE
EMP000382,3,OFFICE
EMP000382,4,OFFICE
EMP000382,5,REMOTE
EMP000382,6,REMOTE
EMP000382,7,REMOTE
EMP000383,1,REMOTE
EMP000383,2,OFFICE
EMP000383,3,OFFICE
EMP000383,4,OFFICE
EMP000383,5,REMOTE
EMP000383,6,REMOTE
EMP000383,7,REMOTE
EMP000384,1,REMOTE
EMP000384,2,OFFICE
EMP000384,3,OFFICE
EMP000384,4,OFFICE
EMP000384,5,REMOTE
EMP000384,6,REMOTE
EMP000384,7,REMOTE
EMP000385,1,REMOTE
EMP000385,2,OFFICE
EMP000385,3,OFFICE
EMP000385,4,OFFICE
EMP000385,5,FLEX
EMP000385,6,REMOTE
EMP000385,7,REMOTE
EMP000386,1,REMOTE
EMP000386,2,OFFICE
EMP000386,3,OFFICE
EMP000386,4,OFFICE
EMP000386,5,REMOTE
EMP000386,6,REMOTE
EMP000386,7,REMOTE
EMP000387,1,REMOTE
EMP000387,2,OFFICE
EMP000387,3,OFFICE
EMP000387,4,OFFICE
EMP000387,5,REMOTE
EMP000387,6,REMOTE
EMP000387,7,REMOTE
EMP000388,1,OFFICE
EMP000388,2,OFFICE
EMP000388,3,OFFICE
EMP000388,4,OFFICE
EMP000388,5,OFFICE
EMP000388,6,REMOTE
EMP000388,7,REMOTE
EMP000389,1,REMOTE
EMP000389,2,REMOTE
EMP000389,3,REMOTE
EMP000389,4,REMOTE
EMP000389,5,REMOTE
EMP000389,6,REMOTE
EMP000389,7,REMOTE
EMP000390,1,OFFICE
EMP000390,2,OFFICE
EMP000390,3,OFFICE
EMP000390,4,OFFICE
EMP000390,5,OFFICE
EMP000390,6,REMOTE
EMP000390,7,REMOTE
EMP000391,1,REMOTE
EMP000391,2,OFFICE
EMP000391,3,OFFICE
EMP000391,4,OFFICE
EMP000391,5,FLEX
EMP000391,6,REMOTE
EMP000391,7,REMOTE
EMP000392,1,REMOTE
EMP000392,2,OFFICE
EMP000392,3,OFFICE
EMP000392,4,OFFICE
EMP000392,5,REMOTE
EMP000392,6,REMOTE
EMP000392,7,REMOTE
EMP000393,1,OFFICE
EMP000393,2,OFFICE
EMP000393,3,OFFICE
EMP000393,4,OFFICE
EMP000393,5,OFFICE
EMP000393,6,REMOTE
EMP000393,7,REMOTE
EMP000394,1,OFFICE
EMP000394,2,OFFICE
EMP000394,3,OFFICE
EMP000394,4,OFFICE
EMP000394,5,OFFICE
EMP000394,6,REMOTE
EMP000394,7,REMOTE
EMP000395,1,OFFICE
EMP000395,2,OFFICE
EMP000395,3,OFFICE
EMP000395,4,OFFICE
EMP000395,5,OFFICE
EMP000395,6,REMOTE
EMP000395,7,REMOTE
EMP000396,1,FLEX
EMP000396,2,OFFICE
EMP000396,3,OFFICE
EMP000396,4,OFFICE
EMP000396,5,REMOTE
EMP000396,6,REMOTE
EMP000396,7,REMOTE
EMP000397,1,OFFICE
EMP000397,2,OFFICE
EMP000397,3,OFFICE
EMP000397,4,OFFICE
EMP000397,5,OFFICE
EMP000397,6,REMOTE
EMP000397,7,REMOTE
EMP000398,1,FLEX
EMP000398,2,OFFICE
EMP000398,3,OFFICE
EMP000398,4,OFFICE
EMP000398,5,REMOTE
EMP000398,6,REMOTE
EMP000398,7,REMOTE
EMP000399,1,REMOTE
EMP000399,2,OFFICE
EMP000399,3,OFFICE
EMP000399,4,OFFICE
EMP000399,5,REMOTE
EMP000399,6,REMOTE
EMP000399,7,REMOTE
EMP000400,1,REMOTE
EMP000400,2,OFFICE
EMP000400,3,OFFICE
EMP000400,4,OFFICE
EMP000400,5,REMOTE
EMP000400,6,REMOTE
EMP000400,7,REMOTE
EMP000401,1,OFFICE
EMP000401,2,OFFICE
EMP000401,3,REMOTE
EMP000401,4,OFFICE
EMP000401,5,REMOTE
EMP000401,6,REMOTE
EMP000401,7,REMOTE
EMP000402,1,OFFICE
EMP000402,2,OFFICE
EMP000402,3,REMOTE
EMP000402,4,OFFICE
EMP000402,5,FLEX
EMP000402,6,REMOTE
EMP000402,7,REMOTE
EMP000403,1,OFFICE
EMP000403,2,OFFICE
EMP000403,3,REMOTE
EMP000403,4,OFFICE
EMP000403,5,REMOTE
EMP000403,6,REMOTE
EMP000403,7,REMOTE
EMP000404,1,REMOTE
EMP000404,2,REMOTE
EMP000404,3,REMOTE
EMP000404,4,REMOTE
EMP000404,5,REMOTE
EMP000404,6,REMOTE
EMP000404,7,REMOTE
EMP000405,1,OFFICE
EMP000405,2,OFFICE
EMP000405,3,REMOTE
EMP000405,4,OFFICE
EMP000405,5,REMOTE
EMP000405,6,REMOTE
EMP000405,7,REMOTE
EMP000406,1,REMOTE
EMP000406,2,REMOTE
EMP000406,3,REMOTE
EMP000406,4,REMOTE
EMP000406,5,REMOTE
EMP000406,6,REMOTE
EMP000406,7,REMOTE
EMP000407,1,REMOTE
EMP000407,2,REMOTE
EMP000407,3,REMOTE
EMP000407,4,REMOTE
EMP000407,5,REMOTE
EMP000407,6,REMOTE
EMP000407,7,REMOTE
EMP000408,1,REMOTE
EMP000408,2,REMOTE
EMP000408,3,REMOTE
EMP000408,4,REMOTE
EMP000408,5,REMOTE
EMP000408,6,REMOTE
EMP000408,7,REMOTE
EMP000409,1,OFFICE
EMP000409,2,OFFICE
EMP000409,3,REMOTE
EMP000409,4,OFFICE
EMP000409,5,REMOTE
EMP000409,6,REMOTE
EMP000409,7,REMOTE
EMP000410,1,OFFICE
EMP000410,2,OFFICE
EMP000410,3,REMOTE
EMP000410,4,OFFICE
EMP000410,5,REMOTE
EMP000410,6,REMOTE
EMP000410,7,REMOTE
EMP000411,1,REMOTE
EMP000411,2,REMOTE
EMP000411,3,REMOTE
EMP000411,4,REMOTE
EMP000411,5,REMOTE
EMP000411,6,REMOTE
EMP000411,7,REMOTE
EMP000412,1,OFFICE
EMP000412,2,OFFICE
EMP000412,3,REMOTE
EMP000412,4,OFFICE
EMP000412,5,FLEX
EMP000412,6,REMOTE
EMP000412,7,REMOTE
EMP000413,1,OFFICE
EMP000413,2,OFFICE
EMP000413,3,OFFICE
EMP000413,4,OFFICE
EMP000413,5,OFFICE
EMP000413,6,REMOTE
EMP000413,7,REMOTE
EMP000414,1,OFFICE
EMP000414,2,OFFICE
EMP000414,3,OFFICE
EMP000414,4,REMOTE
EMP000414,5,REMOTE
EMP000414,6,REMOTE
EMP000414,7,REMOTE
EMP000415,1,OFFICE
EMP000415,2,OFFICE
EMP000415,3,OFFICE
EMP000415,4,REMOTE
EMP000415,5,REMOTE
EMP000415,6,REMOTE
EMP000415,7,REMOTE
EMP000416,1,OFFICE
EMP000416,2,OFFICE
EMP000416,3,OFFICE
EMP000416,4,REMOTE
EMP000416,5,REMOTE
EMP000416,6,REMOTE
EMP000416,7,REMOTE
EMP000417,1,REMOTE
EMP000417,2,REMOTE
EMP000417,3,REMOTE
EMP000417,4,REMOTE
EMP000417,5,REMOTE
EMP000417,6,REMOTE
EMP000417,7,REMOTE
EMP000418,1,OFFICE
EMP000418,2,OFFICE
EMP000418,3,OFFICE
EMP000418,4,REMOTE
EMP000418,5,REMOTE
EMP000418,6,REMOTE
EMP000418,7,REMOTE
EMP000419,1,OFFICE
EMP000419,2,OFFICE
EMP000419,3,OFFICE
EMP000419,4,REMOTE
EMP000419,5,FLEX
EMP000419,6,REMOTE
EMP000419,7,REMOTE
EMP000420,1,OFFICE
EMP000420,2,OFFICE
EMP000420,3,OFFICE
EMP000420,4,OFFICE
EMP000420,5,OFFICE
EMP000420,6,REMOTE
EMP000420,7,REMOTE
EMP000421,1,OFFICE
EMP000421,2,OFFICE
EMP000421,3,OFFICE
EMP000421,4,REMOTE
EMP000421,5,FLEX
EMP000421,6,REMOTE
EMP000421,7,REMOTE
EMP000422,1,OFFICE
EMP000422,2,OFFICE
EMP000422,3,OFFICE
EMP000422,4,REMOTE
EMP000422,5,REMOTE
EMP000422,6,REMOTE
EMP000422,7,REMOTE
EMP000423,1,OFFICE
EMP000423,2,OFFICE
EMP000423,3,OFFICE
EMP000423,4,FLEX
EMP000423,5,REMOTE
EMP000423,6,REMOTE
EMP000423,7,REMOTE
EMP000424,1,FLEX
EMP000424,2,REMOTE
EMP000424,3,OFFICE
EMP000424,4,OFFICE
EMP000424,5,OFFICE
EMP000424,6,REMOTE
EMP000424,7,REMOTE
EMP000425,1,OFFICE
EMP000425,2,OFFICE
EMP000425,3,OFFICE
EMP000425,4,OFFICE
EMP000425,5,OFFICE
EMP000425,6,REMOTE
EMP000425,7,REMOTE
EMP000426,1,REMOTE
EMP000426,2,FLEX
EMP000426,3,OFFICE
EMP000426,4,OFFICE
EMP000426,5,OFFICE
EMP000426,6,REMOTE
EMP000426,7,REMOTE
EMP000427,1,REMOTE
EMP000427,2,FLEX
EMP000427,3,OFFICE
EMP000427,4,OFFICE
EMP000427,5,OFFICE
EMP000427,6,REMOTE
EMP000427,7,REMOTE
EMP000428,1,REMOTE
EMP000428,2,REMOTE
EMP000428,3,OFFICE
EMP000428,4,OFFICE
EMP000428,5,OFFICE
EMP000428,6,REMOTE
EMP000428,7,REMOTE
EMP000429,1,FLEX
EMP000429,2,REMOTE
EMP000429,3,OFFICE
EMP000429,4,OFFICE
EMP000429,5,OFFICE
EMP000429,6,REMOTE
EMP000429,7,REMOTE
EMP000430,1,FLEX
EMP000430,2,REMOTE
EMP000430,3,OFFICE
EMP000430,4,OFFICE
EMP000430,5,OFFICE
EMP000430,6,REMOTE
EMP000430,7,REMOTE
EMP000431,1,OFFICE
EMP000431,2,OFFICE
EMP000431,3,OFFICE
EMP000431,4,OFFICE
EMP000431,5,OFFICE
EMP000431,6,REMOTE
EMP000431,7,REMOTE
EMP000432,1,OFFICE
EMP000432,2,OFFICE
EMP000432,3,OFFICE
EMP000432,4,OFFICE
EMP000432,5,OFFICE
EMP000432,6,REMOTE
EMP000432,7,REMOTE
EMP000433,1,OFFICE
EMP000433,2,OFFICE
EMP000433,3,OFFICE
EMP000433,4,OFFICE
EMP000433,5,OFFICE
EMP000433,6,REMOTE
EMP000433,7,REMOTE
EMP000434,1,REMOTE
EMP000434,2,REMOTE
EMP000434,3,OFFICE
EMP000434,4,OFFICE
EMP000434,5,OFFICE
EMP000434,6,REMOTE
EMP000434,7,REMOTE
EMP000435,1,REMOTE
EMP000435,2,REMOTE
EMP000435,3,OFFICE
EMP000435,4,OFFICE
EMP000435,5,OFFICE
EMP000435,6,REMOTE
EMP000435,7,REMOTE
EMP000436,1,REMOTE
EMP000436,2,REMOTE
EMP000436,3,OFFICE
EMP000436,4,OFFICE
EMP000436,5,OFFICE
EMP000436,6,REMOTE
EMP000436,7,REMOTE
EMP000437,1,REMOTE
EMP000437,2,FLEX
EMP000437,3,OFFICE
EMP000437,4,OFFICE
EMP000437,5,OFFICE
EMP000437,6,REMOTE
EMP000437,7,REMOTE
EMP000438,1,OFFICE
EMP000438,2,OFFICE
EMP000438,3,OFFICE
EMP000438,4,OFFICE
EMP000438,5,OFFICE
EMP000438,6,REMOTE
EMP000438,7,REMOTE
EMP000439,1,REMOTE
EMP000439,2,REMOTE
EMP000439,3,REMOTE
EMP000439,4,REMOTE
EMP000439,5,REMOTE
EMP000439,6,REMOTE
EMP000439,7,REMOTE
EMP000440,1,REMOTE
EMP000440,2,REMOTE
EMP000440,3,REMOTE
EMP000440,4,REMOTE
EMP000440,5,REMOTE
EMP000440,6,REMOTE
EMP000440,7,REMOTE
EMP000441,1,OFFICE
EMP000441,2,REMOTE
EMP000441,3,FLEX
EMP000441,4,OFFICE
EMP000441,5,OFFICE
EMP000441,6,REMOTE
EMP000441,7,REMOTE
EMP000442,1,OFFICE
EMP000442,2,OFFICE
EMP000442,3,OFFICE
EMP000442,4,OFFICE
EMP000442,5,OFFICE
EMP000442,6,REMOTE
EMP000442,7,REMOTE
EMP000443,1,OFFICE
EMP000443,2,FLEX
EMP000443,3,REMOTE
EMP000443,4,OFFICE
EMP000443,5,OFFICE
EMP000443,6,REMOTE
EMP000443,7,REMOTE
EMP000444,1,OFFICE
EMP000444,2,REMOTE
EMP000444,3,FLEX
EMP000444,4,OFFICE
EMP000444,5,OFFICE
EMP000444,6,REMOTE
EMP000444,7,REMOTE
EMP000445,1,OFFICE
EMP000445,2,REMOTE
EMP000445,3,REMOTE
EMP000445,4,OFFICE
EMP000445,5,OFFICE
EMP000445,6,REMOTE
EMP000445,7,REMOTE
EMP000446,1,OFFICE
EMP000446,2,OFFICE
EMP000446,3,OFFICE
EMP000446,4,OFFICE
EMP000446,5,OFFICE
EMP000446,6,REMOTE
EMP000446,7,REMOTE
EMP000447,1,OFFICE
EMP000447,2,OFFICE
EMP000447,3,REMOTE
EMP000447,4,OFFICE
EMP000447,5,REMOTE
EMP000447,6,REMOTE
EMP000447,7,REMOTE
EMP000448,1,OFFICE
EMP000448,2,OFFICE
EMP000448,3,REMOTE
EMP000448,4,OFFICE
EMP000448,5,REMOTE
EMP000448,6,REMOTE
EMP000448,7,REMOTE
EMP000449,1,OFFICE
EMP000449,2,OFFICE
EMP000449,3,REMOTE
EMP000449,4,OFFICE
EMP000449,5,REMOTE
EMP000449,6,REMOTE
EMP000449,7,REMOTE
EMP000450,1,OFFICE
EMP000450,2,OFFICE
EMP000450,3,REMOTE
EMP000450,4,OFFICE
EMP000450,5,REMOTE
EMP000450,6,REMOTE
EMP000450,7,REMOTE
EMP000451,1,OFFICE
EMP000451,2,OFFICE
EMP000451,3,OFFICE
EMP000451,4,OFFICE
EMP000451,5,OFFICE
EMP000451,6,REMOTE
EMP000451,7,REMOTE
EMP000452,1,OFFICE
EMP000452,2,OFFICE
EMP000452,3,FLEX
EMP000452,4,OFFICE
EMP000452,5,REMOTE
EMP000452,6,REMOTE
EMP000452,7,REMOTE
EMP000453,1,OFFICE
EMP000453,2,OFFICE
EMP000453,3,FLEX
EMP000453,4,OFFICE
EMP000453,5,REMOTE
EMP000453,6,REMOTE
EMP000453,7,REMOTE
EMP000454,1,REMOTE
EMP000454,2,REMOTE
EMP000454,3,REMOTE
EMP000454,4,REMOTE
EMP000454,5,REMOTE
EMP000454,6,REMOTE
EMP000454,7,REMOTE
EMP000455,1,OFFICE
EMP000455,2,OFFICE
EMP000455,3,FLEX
EMP000455,4,OFFICE
EMP000455,5,REMOTE
EMP000455,6,REMOTE
EMP000455,7,REMOTE
EMP000456,1,OFFICE
EMP000456,2,OFFICE
EMP000456,3,OFFICE
EMP000456,4,OFFICE
EMP000456,5,OFFICE
EMP000456,6,REMOTE
EMP000456,7,REMOTE
EMP000457,1,OFFICE
EMP000457,2,OFFICE
EMP000457,3,FLEX
EMP000457,4,OFFICE
EMP000457,5,REMOTE
EMP000457,6,REMOTE
EMP000457,7,REMOTE
EMP000458,1,REMOTE
EMP000458,2,OFFICE
EMP000458,3,OFFICE
EMP000458,4,OFFICE
EMP000458,5,REMOTE
EMP000458,6,REMOTE
EMP000458,7,REMOTE
EMP000459,1,REMOTE
EMP000459,2,REMOTE
EMP000459,3,REMOTE
EMP000459,4,REMOTE
EMP000459,5,REMOTE
EMP000459,6,REMOTE
EMP000459,7,REMOTE
EMP000460,1,OFFICE
EMP000460,2,OFFICE
EMP000460,3,OFFICE
EMP000460,4,OFFICE
EMP000460,5,OFFICE
EMP000460,6,REMOTE
EMP000460,7,REMOTE
EMP000461,1,FLEX
EMP000461,2,OFFICE
EMP000461,3,OFFICE
EMP000461,4,OFFICE
EMP000461,5,REMOTE
EMP000461,6,REMOTE
EMP000461,7,REMOTE
EMP000462,1,OFFICE
EMP000462,2,OFFICE
EMP000462,3,OFFICE
EMP000462,4,OFFICE
EMP000462,5,OFFICE
EMP000462,6,REMOTE
EMP000462,7,REMOTE
EMP000463,1,OFFICE
EMP000463,2,OFFICE
EMP000463,3,OFFICE
EMP000463,4,OFFICE
EMP000463,5,OFFICE
EMP000463,6,REMOTE
EMP000463,7,REMOTE
EMP000464,1,REMOTE
EMP000464,2,REMOTE
EMP000464,3,REMOTE
EMP000464,4,REMOTE
EMP000464,5,REMOTE
EMP000464,6,REMOTE
EMP000464,7,REMOTE
EMP000465,1,REMOTE
EMP000465,2,OFFICE
EMP000465,3,OFFICE
EMP000465,4,OFFICE
EMP000465,5,REMOTE
EMP000465,6,REMOTE
EMP000465,7,REMOTE
EMP000466,1,REMOTE
EMP000466,2,OFFICE
EMP000466,3,OFFICE
EMP000466,4,OFFICE
EMP000466,5,REMOTE
EMP000466,6,REMOTE
EMP000466,7,REMOTE
EMP000467,1,REMOTE
EMP000467,2,REMOTE
EMP000467,3,REMOTE
EMP000467,4,REMOTE
EMP000467,5,REMOTE
EMP000467,6,REMOTE
EMP000467,7,REMOTE
EMP000468,1,REMOTE
EMP000468,2,OFFICE
EMP000468,3,OFFICE
EMP000468,4,FLEX
EMP000468,5,OFFICE
EMP000468,6,REMOTE
EMP000468,7,REMOTE
EMP000469,1,REMOTE
EMP000469,2,OFFICE
EMP000469,3,OFFICE
EMP000469,4,REMOTE
EMP000469,5,OFFICE
EMP000469,6,REMOTE
EMP000469,7,REMOTE
EMP000470,1,REMOTE
EMP000470,2,OFFICE
EMP000470,3,OFFICE
EMP000470,4,REMOTE
EMP000470,5,OFFICE
EMP000470,6,REMOTE
EMP000470,7,REMOTE
EMP000471,1,REMOTE
EMP000471,2,OFFICE
EMP000471,3,OFFICE
EMP000471,4,FLEX
EMP000471,5,OFFICE
EMP000471,6,REMOTE
EMP000471,7,REMOTE
EMP000472,1,REMOTE
EMP000472,2,OFFICE
EMP000472,3,OFFICE
EMP000472,4,REMOTE
EMP000472,5,OFFICE
EMP000472,6,REMOTE
EMP000472,7,REMOTE
EMP000473,1,FLEX
EMP000473,2,OFFICE
EMP000473,3,OFFICE
EMP000473,4,REMOTE
EMP000473,5,OFFICE
EMP000473,6,REMOTE
EMP000473,7,REMOTE
EMP000474,1,REMOTE
EMP000474,2,OFFICE
EMP000474,3,OFFICE
EMP000474,4,REMOTE
EMP000474,5,OFFICE
EMP000474,6,REMOTE
EMP000474,7,REMOTE
EMP000475,1,REMOTE
EMP000475,2,REMOTE
EMP000475,3,REMOTE
EMP000475,4,REMOTE
EMP000475,5,REMOTE
EMP000475,6,REMOTE
EMP000475,7,REMOTE
EMP000476,1,OFFICE
EMP000476,2,OFFICE
EMP000476,3,OFFICE
EMP000476,4,OFFICE
EMP000476,5,OFFICE
EMP000476,6,REMOTE
EMP000476,7,REMOTE
EMP000477,1,OFFICE
EMP000477,2,REMOTE
EMP000477,3,OFFICE
EMP000477,4,REMOTE
EMP000477,5,OFFICE
EMP000477,6,REMOTE
EMP000477,7,REMOTE
EMP000478,1,OFFICE
EMP000478,2,REMOTE
EMP000478,3,OFFICE
EMP000478,4,REMOTE
EMP000478,5,OFFICE
EMP000478,6,REMOTE
EMP000478,7,REMOTE
EMP000479,1,OFFICE
EMP000479,2,REMOTE
EMP000479,3,OFFICE
EMP000479,4,REMOTE
EMP000479,5,OFFICE
EMP000479,6,REMOTE
EMP000479,7,REMOTE
EMP000480,1,OFFICE
EMP000480,2,REMOTE
EMP000480,3,OFFICE
EMP000480,4,REMOTE
EMP000480,5,OFFICE
EMP000480,6,REMOTE
EMP000480,7,REMOTE
EMP000481,1,OFFICE
EMP000481,2,OFFICE
EMP000481,3,OFFICE
EMP000481,4,OFFICE
EMP000481,5,OFFICE
EMP000481,6,REMOTE
EMP000481,7,REMOTE
EMP000482,1,OFFICE
EMP000482,2,REMOTE
EMP000482,3,OFFICE
EMP000482,4,REMOTE
EMP000482,5,OFFICE
EMP000482,6,REMOTE
EMP000482,7,REMOTE
EMP000483,1,OFFICE
EMP000483,2,FLEX
EMP000483,3,OFFICE
EMP000483,4,REMOTE
EMP000483,5,OFFICE
EMP000483,6,REMOTE
EMP000483,7,REMOTE
EMP000484,1,OFFICE
EMP000484,2,REMOTE
EMP000484,3,OFFICE
EMP000484,4,REMOTE
EMP000484,5,OFFICE
EMP000484,6,REMOTE
EMP000484,7,REMOTE
EMP000485,1,OFFICE
EMP000485,2,REMOTE
EMP000485,3,OFFICE
EMP000485,4,REMOTE
EMP000485,5,OFFICE
EMP000485,6,REMOTE
EMP000485,7,REMOTE
EMP000486,1,OFFICE
EMP000486,2,REMOTE
EMP000486,3,OFFICE
EMP000486,4,REMOTE
EMP000486,5,OFFICE
EMP000486,6,REMOTE
EMP000486,7,REMOTE
EMP000487,1,OFFICE
EMP000487,2,FLEX
EMP000487,3,OFFICE
EMP000487,4,REMOTE
EMP000487,5,OFFICE
EMP000487,6,REMOTE
EMP000487,7,REMOTE
EMP000488,1,OFFICE
EMP000488,2,REMOTE
EMP000488,3,OFFICE
EMP000488,4,REMOTE
EMP000488,5,OFFICE
EMP000488,6,REMOTE
EMP000488,7,REMOTE
EMP000489,1,OFFICE
EMP000489,2,REMOTE
EMP000489,3,OFFICE
EMP000489,4,REMOTE
EMP000489,5,OFFICE
EMP000489,6,REMOTE
EMP000489,7,REMOTE
EMP000490,1,REMOTE
EMP000490,2,REMOTE
EMP000490,3,REMOTE
EMP000490,4,REMOTE
EMP000490,5,REMOTE
EMP000490,6,REMOTE
EMP000490,7,REMOTE
EMP000491,1,FLEX
EMP000491,2,OFFICE
EMP000491,3,OFFICE
EMP000491,4,OFFICE
EMP000491,5,REMOTE
EMP000491,6,REMOTE
EMP000491,7,REMOTE
EMP000492,1,REMOTE
EMP000492,2,OFFICE
EMP000492,3,OFFICE
EMP000492,4,OFFICE
EMP000492,5,REMOTE
EMP000492,6,REMOTE
EMP000492,7,REMOTE
EMP000493,1,OFFICE
EMP000493,2,OFFICE
EMP000493,3,OFFICE
EMP000493,4,OFFICE
EMP000493,5,OFFICE
EMP000493,6,REMOTE
EMP000493,7,REMOTE
EMP000494,1,REMOTE
EMP000494,2,OFFICE
EMP000494,3,OFFICE
EMP000494,4,OFFICE
EMP000494,5,REMOTE
EMP000494,6,REMOTE
EMP000494,7,REMOTE
EMP000495,1,REMOTE
EMP000495,2,OFFICE
EMP000495,3,OFFICE
EMP000495,4,OFFICE
EMP000495,5,REMOTE
EMP000495,6,REMOTE
EMP000495,7,REMOTE
EMP000496,1,REMOTE
EMP000496,2,REMOTE
EMP000496,3,REMOTE
EMP000496,4,REMOTE
EMP000496,5,REMOTE
EMP000496,6,REMOTE
EMP000496,7,REMOTE
EMP000497,1,REMOTE
EMP000497,2,REMOTE
EMP000497,3,REMOTE
EMP000497,4,REMOTE
EMP000497,5,REMOTE
EMP000497,6,REMOTE
EMP000497,7,REMOTE
EMP000498,1,REMOTE
EMP000498,2,OFFICE
EMP000498,3,OFFICE
EMP000498,4,OFFICE
EMP000498,5,REMOTE
EMP000498,6,REMOTE
EMP000498,7,REMOTE
EMP000499,1,FLEX
EMP000499,2,OFFICE
EMP000499,3,OFFICE
EMP000499,4,OFFICE
EMP000499,5,REMOTE
EMP000499,6,REMOTE
EMP000499,7,REMOTE
EMP000500,1,OFFICE
EMP000500,2,OFFICE
EMP000500,3,REMOTE
EMP000500,4,REMOTE
EMP000500,5,OFFICE
EMP000500,6,REMOTE
EMP000500,7,REMOTE
EMP000501,1,REMOTE
EMP000501,2,REMOTE
EMP000501,3,REMOTE
EMP000501,4,REMOTE
EMP000501,5,REMOTE
EMP000501,6,REMOTE
EMP000501,7,REMOTE
EMP000502,1,OFFICE
EMP000502,2,OFFICE
EMP000502,3,REMOTE
EMP000502,4,FLEX
EMP000502,5,OFFICE
EMP000502,6,REMOTE
EMP000502,7,REMOTE
EMP000503,1,OFFICE
EMP000503,2,OFFICE
EMP000503,3,REMOTE
EMP000503,4,REMOTE
EMP000503,5,OFFICE
EMP000503,6,REMOTE
EMP000503,7,REMOTE
EMP000504,1,OFFICE
EMP000504,2,OFFICE
EMP000504,3,REMOTE
EMP000504,4,FLEX
EMP000504,5,OFFICE
EMP000504,6,REMOTE
EMP000504,7,REMOTE
EMP000505,1,OFFICE
EMP000505,2,OFFICE
EMP000505,3,OFFICE
EMP000505,4,OFFICE
EMP000505,5,OFFICE
EMP000505,6,REMOTE
EMP000505,7,REMOTE
EMP000506,1,OFFICE
EMP000506,2,OFFICE
EMP000506,3,REMOTE
EMP000506,4,REMOTE
EMP000506,5,OFFICE
EMP000506,6,REMOTE
EMP000506,7,REMOTE
EMP000507,1,OFFICE
EMP000507,2,OFFICE
EMP000507,3,FLEX
EMP000507,4,REMOTE
EMP000507,5,OFFICE
EMP000507,6,REMOTE
EMP000507,7,REMOTE
EMP000508,1,REMOTE
EMP000508,2,REMOTE
EMP000508,3,REMOTE
EMP000508,4,REMOTE
EMP000508,5,REMOTE
EMP000508,6,REMOTE
EMP000508,7,REMOTE
EMP000509,1,REMOTE
EMP000509,2,REMOTE
EMP000509,3,REMOTE
EMP000509,4,REMOTE
EMP000509,5,REMOTE
EMP000509,6,REMOTE
EMP000509,7,REMOTE
EMP000510,1,OFFICE
EMP000510,2,OFFICE
EMP000510,3,OFFICE
EMP000510,4,OFFICE
EMP000510,5,OFFICE
EMP000510,6,REMOTE
EMP000510,7,REMOTE
EMP000511,1,REMOTE
EMP000511,2,OFFICE
EMP000511,3,OFFICE
EMP000511,4,OFFICE
EMP000511,5,REMOTE
EMP000511,6,REMOTE
EMP000511,7,REMOTE
EMP000512,1,REMOTE
EMP000512,2,OFFICE
EMP000512,3,OFFICE
EMP000512,4,OFFICE
EMP000512,5,REMOTE
EMP000512,6,REMOTE
EMP000512,7,REMOTE
EMP000513,1,REMOTE
EMP000513,2,OFFICE
EMP000513,3,OFFICE
EMP000513,4,OFFICE
EMP000513,5,REMOTE
EMP000513,6,REMOTE
EMP000513,7,REMOTE
EMP000514,1,REMOTE
EMP000514,2,OFFICE
EMP000514,3,OFFICE
EMP000514,4,OFFICE
EMP000514,5,REMOTE
EMP000514,6,REMOTE
EMP000514,7,REMOTE
EMP000515,1,OFFICE
EMP000515,2,OFFICE
EMP000515,3,OFFICE
EMP000515,4,OFFICE
EMP000515,5,OFFICE
EMP000515,6,REMOTE
EMP000515,7,REMOTE
EMP000516,1,REMOTE
EMP000516,2,OFFICE
EMP000516,3,OFFICE
EMP000516,4,OFFICE
EMP000516,5,REMOTE
EMP000516,6,REMOTE
EMP000516,7,REMOTE
EMP000517,1,REMOTE
EMP000517,2,OFFICE
EMP000517,3,OFFICE
EMP000517,4,OFFICE
EMP000517,5,REMOTE
EMP000517,6,REMOTE
EMP000517,7,REMOTE
EMP000518,1,OFFICE
EMP000518,2,OFFICE
EMP000518,3,OFFICE
EMP000518,4,OFFICE
EMP000518,5,OFFICE
EMP000518,6,REMOTE
EMP000518,7,REMOTE
EMP000519,1,OFFICE
EMP000519,2,OFFICE
EMP000519,3,OFFICE
EMP000519,4,OFFICE
EMP000519,5,OFFICE
EMP000519,6,REMOTE
EMP000519,7,REMOTE
EMP000520,1,REMOTE
EMP000520,2,REMOTE
EMP000520,3,REMOTE
EMP000520,4,REMOTE
EMP000520,5,REMOTE
EMP000520,6,REMOTE
EMP000520,7,REMOTE
EMP000521,1,REMOTE
EMP000521,2,REMOTE
EMP000521,3,REMOTE
EMP000521,4,REMOTE
EMP000521,5,REMOTE
EMP000521,6,REMOTE
EMP000521,7,REMOTE
EMP000522,1,FLEX
EMP000522,2,OFFICE
EMP000522,3,OFFICE
EMP000522,4,OFFICE
EMP000522,5,REMOTE
EMP000522,6,REMOTE
EMP000522,7,REMOTE
EMP000523,1,OFFICE
EMP000523,2,OFFICE
EMP000523,3,OFFICE
EMP000523,4,OFFICE
EMP000523,5,OFFICE
EMP000523,6,REMOTE
EMP000523,7,REMOTE
EMP000524,1,OFFICE
EMP000524,2,OFFICE
EMP000524,3,OFFICE
EMP000524,4,OFFICE
EMP000524,5,OFFICE
EMP000524,6,REMOTE
EMP000524,7,REMOTE
EMP000525,1,OFFICE
EMP000525,2,FLEX
EMP000525,3,OFFICE
EMP000525,4,REMOTE
EMP000525,5,OFFICE
EMP000525,6,REMOTE
EMP000525,7,REMOTE
EMP000526,1,OFFICE
EMP000526,2,FLEX
EMP000526,3,OFFICE
EMP000526,4,REMOTE
EMP000526,5,OFFICE
EMP000526,6,REMOTE
EMP000526,7,REMOTE
EMP000527,1,OFFICE
EMP000527,2,REMOTE
EMP000527,3,OFFICE
EMP000527,4,REMOTE
EMP000527,5,OFFICE
EMP000527,6,REMOTE
EMP000527,7,REMOTE
EMP000528,1,OFFICE
EMP000528,2,REMOTE
EMP000528,3,OFFICE
EMP000528,4,REMOTE
EMP000528,5,OFFICE
EMP000528,6,REMOTE
EMP000528,7,REMOTE
EMP000529,1,OFFICE
EMP000529,2,REMOTE
EMP000529,3,OFFICE
EMP000529,4,REMOTE
EMP000529,5,OFFICE
EMP000529,6,REMOTE
EMP000529,7,REMOTE
EMP000530,1,OFFICE
EMP000530,2,OFFICE
EMP000530,3,OFFICE
EMP000530,4,OFFICE
EMP000530,5,OFFICE
EMP000530,6,REMOTE
EMP000530,7,REMOTE
EMP000531,1,OFFICE
EMP000531,2,FLEX
EMP000531,3,OFFICE
EMP000531,4,REMOTE
EMP000531,5,OFFICE
EMP000531,6,REMOTE
EMP000531,7,REMOTE
EMP000532,1,REMOTE
EMP000532,2,REMOTE
EMP000532,3,REMOTE
EMP000532,4,REMOTE
EMP000532,5,REMOTE
EMP000532,6,REMOTE
EMP000532,7,REMOTE
EMP000533,1,OFFICE
EMP000533,2,REMOTE
EMP000533,3,OFFICE
EMP000533,4,FLEX
EMP000533,5,OFFICE
EMP000533,6,REMOTE
EMP000533,7,REMOTE
EMP000534,1,OFFICE
EMP000534,2,REMOTE
EMP000534,3,OFFICE
EMP000534,4,REMOTE
EMP000534,5,OFFICE
EMP000534,6,REMOTE
EMP000534,7,REMOTE
EMP000535,1,REMOTE
EMP000535,2,REMOTE
EMP000535,3,REMOTE
EMP000535,4,REMOTE
EMP000535,5,REMOTE
EMP000535,6,REMOTE
EMP000535,7,REMOTE
EMP000536,1,OFFICE
EMP000536,2,REMOTE
EMP000536,3,OFFICE
EMP000536,4,REMOTE
EMP000536,5,OFFICE
EMP000536,6,REMOTE
EMP000536,7,REMOTE
EMP000537,1,OFFICE
EMP000537,2,FLEX
EMP000537,3,OFFICE
EMP000537,4,REMOTE
EMP000537,5,OFFICE
EMP000537,6,REMOTE
EMP000537,7,REMOTE
EMP000538,1,OFFICE
EMP000538,2,REMOTE
EMP000538,3,OFFICE
EMP000538,4,REMOTE
EMP000538,5,OFFICE
EMP000538,6,REMOTE
EMP000538,7,REMOTE
EMP000539,1,OFFICE
EMP000539,2,OFFICE
EMP000539,3,OFFICE
EMP000539,4,OFFICE
EMP000539,5,OFFICE
EMP000539,6,REMOTE
EMP000539,7,REMOTE
EMP000540,1,OFFICE
EMP000540,2,OFFICE
EMP000540,3,OFFICE
EMP000540,4,OFFICE
EMP000540,5,OFFICE
EMP000540,6,REMOTE
EMP000540,7,REMOTE
EMP000541,1,REMOTE
EMP000541,2,OFFICE
EMP000541,3,REMOTE
EMP000541,4,OFFICE
EMP000541,5,OFFICE
EMP000541,6,REMOTE
EMP000541,7,REMOTE
EMP000542,1,REMOTE
EMP000542,2,OFFICE
EMP000542,3,REMOTE
EMP000542,4,OFFICE
EMP000542,5,OFFICE
EMP000542,6,REMOTE
EMP000542,7,REMOTE
EMP000543,1,REMOTE
EMP000543,2,REMOTE
EMP000543,3,REMOTE
EMP000543,4,REMOTE
EMP000543,5,REMOTE
EMP000543,6,REMOTE
EMP000543,7,REMOTE
EMP000544,1,REMOTE
EMP000544,2,OFFICE
EMP000544,3,FLEX
EMP000544,4,OFFICE
EMP000544,5,OFFICE
EMP000544,6,REMOTE
EMP000544,7,REMOTE
EMP000545,1,OFFICE
EMP000545,2,OFFICE
EMP000545,3,OFFICE
EMP000545,4,OFFICE
EMP000545,5,OFFICE
EMP000545,6,REMOTE
EMP000545,7,REMOTE
EMP000546,1,REMOTE
EMP000546,2,OFFICE
EMP000546,3,REMOTE
EMP000546,4,OFFICE
EMP000546,5,OFFICE
EMP000546,6,REMOTE
EMP000546,7,REMOTE
EMP000547,1,REMOTE
EMP000547,2,OFFICE
EMP000547,3,REMOTE
EMP000547,4,OFFICE
EMP000547,5,OFFICE
EMP000547,6,REMOTE
EMP000547,7,REMOTE
EMP000548,1,REMOTE
EMP000548,2,OFFICE
EMP000548,3,REMOTE
EMP000548,4,OFFICE
EMP000548,5,OFFICE
EMP000548,6,REMOTE
EMP000548,7,REMOTE
EMP000549,1,FLEX
EMP000549,2,OFFICE
EMP000549,3,OFFICE
EMP000549,4,REMOTE
EMP000549,5,OFFICE
EMP000549,6,REMOTE
EMP000549,7,REMOTE
EMP000550,1,FLEX
EMP000550,2,OFFICE
EMP000550,3,OFFICE
EMP000550,4,REMOTE
EMP000550,5,OFFICE
EMP000550,6,REMOTE
EMP000550,7,REMOTE
EMP000551,1,REMOTE
EMP000551,2,OFFICE
EMP000551,3,OFFICE
EMP000551,4,REMOTE
EMP000551,5,OFFICE
EMP000551,6,REMOTE
EMP000551,7,REMOTE
EMP000552,1,OFFICE
EMP000552,2,OFFICE
EMP000552,3,OFFICE
EMP000552,4,OFFICE
EMP000552,5,OFFICE
EMP000552,6,REMOTE
EMP000552,7,REMOTE
EMP000553,1,REMOTE
EMP000553,2,REMOTE
EMP000553,3,REMOTE
EMP000553,4,REMOTE
EMP000553,5,REMOTE
EMP000553,6,REMOTE
EMP000553,7,REMOTE
EMP000554,1,REMOTE
EMP000554,2,REMOTE
EMP000554,3,REMOTE
EMP000554,4,REMOTE
EMP000554,5,REMOTE
EMP000554,6,REMOTE
EMP000554,7,REMOTE
EMP000555,1,REMOTE
EMP000555,2,OFFICE
EMP000555,3,OFFICE
EMP000555,4,REMOTE
EMP000555,5,OFFICE
EMP000555,6,REMOTE
EMP000555,7,REMOTE
EMP000556,1,REMOTE
EMP000556,2,OFFICE
EMP000556,3,OFFICE
EMP000556,4,REMOTE
EMP000556,5,OFFICE
EMP000556,6,REMOTE
EMP000556,7,REMOTE
EMP000557,1,REMOTE
EMP000557,2,OFFICE
EMP000557,3,OFFICE
EMP000557,4,REMOTE
EMP000557,5,OFFICE
EMP000557,6,REMOTE
EMP000557,7,REMOTE
EMP000558,1,FLEX
EMP000558,2,OFFICE
EMP000558,3,OFFICE
EMP000558,4,REMOTE
EMP000558,5,OFFICE
EMP000558,6,REMOTE
EMP000558,7,REMOTE
EMP000559,1,REMOTE
EMP000559,2,REMOTE
EMP000559,3,REMOTE
EMP000559,4,REMOTE
EMP000559,5,REMOTE
EMP000559,6,REMOTE
EMP000559,7,REMOTE
EMP000560,1,OFFICE
EMP000560,2,OFFICE
EMP000560,3,OFFICE
EMP000560,4,OFFICE
EMP000560,5,OFFICE
EMP000560,6,REMOTE
EMP000560,7,REMOTE
EMP000561,1,OFFICE
EMP000561,2,OFFICE
EMP000561,3,REMOTE
EMP000561,4,REMOTE
EMP000561,5,OFFICE
EMP000561,6,REMOTE
EMP000561,7,REMOTE
EMP000562,1,REMOTE
EMP000562,2,REMOTE
EMP000562,3,REMOTE
EMP000562,4,REMOTE
EMP000562,5,REMOTE
EMP000562,6,REMOTE
EMP000562,7,REMOTE
EMP000563,1,OFFICE
EMP000563,2,OFFICE
EMP000563,3,REMOTE
EMP000563,4,REMOTE
EMP000563,5,OFFICE
EMP000563,6,REMOTE
EMP000563,7,REMOTE
EMP000564,1,REMOTE
EMP000564,2,REMOTE
EMP000564,3,REMOTE
EMP000564,4,REMOTE
EMP000564,5,REMOTE
EMP000564,6,REMOTE
EMP000564,7,REMOTE
EMP000565,1,REMOTE
EMP000565,2,REMOTE
EMP000565,3,REMOTE
EMP000565,4,REMOTE
EMP000565,5,REMOTE
EMP000565,6,REMOTE
EMP000565,7,REMOTE
EMP000566,1,OFFICE
EMP000566,2,OFFICE
EMP000566,3,REMOTE
EMP000566,4,REMOTE
EMP000566,5,OFFICE
EMP000566,6,REMOTE
EMP000566,7,REMOTE
EMP000567,1,OFFICE
EMP000567,2,OFFICE
EMP000567,3,REMOTE
EMP000567,4,REMOTE
EMP000567,5,OFFICE
EMP000567,6,REMOTE
EMP000567,7,REMOTE
EMP000568,1,REMOTE
EMP000568,2,REMOTE
EMP000568,3,REMOTE
EMP000568,4,REMOTE
EMP000568,5,REMOTE
EMP000568,6,REMOTE
EMP000568,7,REMOTE
EMP000569,1,OFFICE
EMP000569,2,OFFICE
EMP000569,3,REMOTE
EMP000569,4,REMOTE
EMP000569,5,OFFICE
EMP000569,6,REMOTE
EMP000569,7,REMOTE
EMP000570,1,OFFICE
EMP000570,2,OFFICE
EMP000570,3,REMOTE
EMP000570,4,REMOTE
EMP000570,5,OFFICE
EMP000570,6,REMOTE
EMP000570,7,REMOTE
EMP000571,1,OFFICE
EMP000571,2,REMOTE
EMP000571,3,OFFICE
EMP000571,4,REMOTE
EMP000571,5,OFFICE
EMP000571,6,REMOTE
EMP000571,7,REMOTE
EMP000572,1,OFFICE
EMP000572,2,REMOTE
EMP000572,3,OFFICE
EMP000572,4,REMOTE
EMP000572,5,OFFICE
EMP000572,6,REMOTE
EMP000572,7,REMOTE
EMP000573,1,OFFICE
EMP000573,2,REMOTE
EMP000573,3,OFFICE
EMP000573,4,REMOTE
EMP000573,5,OFFICE
EMP000573,6,REMOTE
EMP000573,7,REMOTE
EMP000574,1,OFFICE
EMP000574,2,FLEX
EMP000574,3,OFFICE
EMP000574,4,REMOTE
EMP000574,5,OFFICE
EMP000574,6,REMOTE
EMP000574,7,REMOTE
EMP000575,1,OFFICE
EMP000575,2,OFFICE
EMP000575,3,OFFICE
EMP000575,4,OFFICE
EMP000575,5,OFFICE
EMP000575,6,REMOTE
EMP000575,7,REMOTE
EMP000576,1,OFFICE
EMP000576,2,REMOTE
EMP000576,3,OFFICE
EMP000576,4,FLEX
EMP000576,5,OFFICE
EMP000576,6,REMOTE
EMP000576,7,REMOTE
EMP000577,1,OFFICE
EMP000577,2,OFFICE
EMP000577,3,OFFICE
EMP000577,4,OFFICE
EMP000577,5,OFFICE
EMP000577,6,REMOTE
EMP000577,7,REMOTE
EMP000578,1,OFFICE
EMP000578,2,OFFICE
EMP000578,3,OFFICE
EMP000578,4,OFFICE
EMP000578,5,OFFICE
EMP000578,6,REMOTE
EMP000578,7,REMOTE
EMP000579,1,OFFICE
EMP000579,2,REMOTE
EMP000579,3,OFFICE
EMP000579,4,REMOTE
EMP000579,5,OFFICE
EMP000579,6,REMOTE
EMP000579,7,REMOTE
EMP000580,1,REMOTE
EMP000580,2,REMOTE
EMP000580,3,REMOTE
EMP000580,4,REMOTE
EMP000580,5,REMOTE
EMP000580,6,REMOTE
EMP000580,7,REMOTE
EMP000581,1,OFFICE
EMP000581,2,REMOTE
EMP000581,3,OFFICE
EMP000581,4,REMOTE
EMP000581,5,OFFICE
EMP000581,6,REMOTE
EMP000581,7,REMOTE
EMP000582,1,OFFICE
EMP000582,2,REMOTE
EMP000582,3,OFFICE
EMP000582,4,REMOTE
EMP000582,5,OFFICE
EMP000582,6,REMOTE
EMP000582,7,REMOTE
EMP000583,1,OFFICE
EMP000583,2,OFFICE
EMP000583,3,OFFICE
EMP000583,4,OFFICE
EMP000583,5,OFFICE
EMP000583,6,REMOTE
EMP000583,7,REMOTE
EMP000584,1,OFFICE
EMP000584,2,FLEX
EMP000584,3,OFFICE
EMP000584,4,REMOTE
EMP000584,5,OFFICE
EMP000584,6,REMOTE
EMP000584,7,REMOTE
EMP000585,1,OFFICE
EMP000585,2,REMOTE
EMP000585,3,OFFICE
EMP000585,4,REMOTE
EMP000585,5,OFFICE
EMP000585,6,REMOTE
EMP000585,7,REMOTE
EMP000586,1,OFFICE
EMP000586,2,FLEX
EMP000586,3,OFFICE
EMP000586,4,REMOTE
EMP000586,5,OFFICE
EMP000586,6,REMOTE
EMP000586,7,REMOTE
EMP000587,1,OFFICE
EMP000587,2,REMOTE
EMP000587,3,OFFICE
EMP000587,4,REMOTE
EMP000587,5,OFFICE
EMP000587,6,REMOTE
EMP000587,7,REMOTE
EMP000588,1,OFFICE
EMP000588,2,REMOTE
EMP000588,3,OFFICE
EMP000588,4,REMOTE
EMP000588,5,OFFICE
EMP000588,6,REMOTE
EMP000588,7,REMOTE
EMP000589,1,OFFICE
EMP000589,2,REMOTE
EMP000589,3,OFFICE
EMP000589,4,FLEX
EMP000589,5,OFFICE
EMP000589,6,REMOTE
EMP000589,7,REMOTE
EMP000590,1,OFFICE
EMP000590,2,REMOTE
EMP000590,3,OFFICE
EMP000590,4,FLEX
EMP000590,5,OFFICE
EMP000590,6,REMOTE
EMP000590,7,REMOTE
EMP000591,1,OFFICE
EMP000591,2,REMOTE
EMP000591,3,OFFICE
EMP000591,4,REMOTE
EMP000591,5,OFFICE
EMP000591,6,REMOTE
EMP000591,7,REMOTE
EMP000592,1,OFFICE
EMP000592,2,FLEX
EMP000592,3,OFFICE
EMP000592,4,REMOTE
EMP000592,5,OFFICE
EMP000592,6,REMOTE
EMP000592,7,REMOTE
EMP000593,1,OFFICE
EMP000593,2,OFFICE
EMP000593,3,OFFICE
EMP000593,4,OFFICE
EMP000593,5,OFFICE
EMP000593,6,REMOTE
EMP000593,7,REMOTE
EMP000594,1,REMOTE
EMP000594,2,REMOTE
EMP000594,3,REMOTE
EMP000594,4,REMOTE
EMP000594,5,REMOTE
EMP000594,6,REMOTE
EMP000594,7,REMOTE
EMP000595,1,OFFICE
EMP000595,2,REMOTE
EMP000595,3,OFFICE
EMP000595,4,REMOTE
EMP000595,5,OFFICE
EMP000595,6,REMOTE
EMP000595,7,REMOTE
EMP000596,1,REMOTE
EMP000596,2,REMOTE
EMP000596,3,REMOTE
EMP000596,4,REMOTE
EMP000596,5,REMOTE
EMP000596,6,REMOTE
EMP000596,7,REMOTE
EMP000597,1,OFFICE
EMP000597,2,REMOTE
EMP000597,3,OFFICE
EMP000597,4,REMOTE
EMP000597,5,OFFICE
EMP000597,6,REMOTE
EMP000597,7,REMOTE
EMP000598,1,OFFICE
EMP000598,2,REMOTE
EMP000598,3,OFFICE
EMP000598,4,REMOTE
EMP000598,5,OFFICE
EMP000598,6,REMOTE
EMP000598,7,REMOTE
EMP000599,1,REMOTE
EMP000599,2,REMOTE
EMP000599,3,REMOTE
EMP000599,4,REMOTE
EMP000599,5,REMOTE
EMP000599,6,REMOTE
EMP000599,7,REMOTE
EMP000600,1,OFFICE
EMP000600,2,REMOTE
EMP000600,3,OFFICE
EMP000600,4,REMOTE
EMP000600,5,OFFICE
EMP000600,6,REMOTE
EMP000600,7,REMOTE
EMP000601,1,OFFICE
EMP000601,2,REMOTE
EMP000601,3,OFFICE
EMP000601,4,REMOTE
EMP000601,5,OFFICE
EMP000601,6,REMOTE
EMP000601,7,REMOTE
EMP000602,1,REMOTE
EMP000602,2,REMOTE
EMP000602,3,REMOTE
EMP000602,4,REMOTE
EMP000602,5,REMOTE
EMP000602,6,REMOTE
EMP000602,7,REMOTE
EMP000603,1,OFFICE
EMP000603,2,OFFICE
EMP000603,3,OFFICE
EMP000603,4,OFFICE
EMP000603,5,OFFICE
EMP000603,6,REMOTE
EMP000603,7,REMOTE
EMP000604,1,OFFICE
EMP000604,2,REMOTE
EMP000604,3,OFFICE
EMP000604,4,REMOTE
EMP000604,5,OFFICE
EMP000604,6,REMOTE
EMP000604,7,REMOTE
EMP000605,1,OFFICE
EMP000605,2,OFFICE
EMP000605,3,OFFICE
EMP000605,4,OFFICE
EMP000605,5,OFFICE
EMP000605,6,REMOTE
EMP000605,7,REMOTE
EMP000606,1,OFFICE
EMP000606,2,REMOTE
EMP000606,3,OFFICE
EMP000606,4,REMOTE
EMP000606,5,OFFICE
EMP000606,6,REMOTE
EMP000606,7,REMOTE
EMP000607,1,OFFICE
EMP000607,2,OFFICE
EMP000607,3,OFFICE
EMP000607,4,OFFICE
EMP000607,5,OFFICE
EMP000607,6,REMOTE
EMP000607,7,REMOTE
EMP000608,1,OFFICE
EMP000608,2,OFFICE
EMP000608,3,OFFICE
EMP000608,4,OFFICE
EMP000608,5,OFFICE
EMP000608,6,REMOTE
EMP000608,7,REMOTE
EMP000609,1,OFFICE
EMP000609,2,OFFICE
EMP000609,3,OFFICE
EMP000609,4,OFFICE
EMP000609,5,OFFICE
EMP000609,6,REMOTE
EMP000609,7,REMOTE
EMP000610,1,OFFICE
EMP000610,2,REMOTE
EMP000610,3,OFFICE
EMP000610,4,REMOTE
EMP000610,5,OFFICE
EMP000610,6,REMOTE
EMP000610,7,REMOTE
EMP000611,1,OFFICE
EMP000611,2,FLEX
EMP000611,3,OFFICE
EMP000611,4,REMOTE
EMP000611,5,OFFICE
EMP000611,6,REMOTE
EMP000611,7,REMOTE
EMP000612,1,REMOTE
EMP000612,2,REMOTE
EMP000612,3,REMOTE
EMP000612,4,REMOTE
EMP000612,5,REMOTE
EMP000612,6,REMOTE
EMP000612,7,REMOTE
EMP000613,1,OFFICE
EMP000613,2,REMOTE
EMP000613,3,OFFICE
EMP000613,4,FLEX
EMP000613,5,OFFICE
EMP000613,6,REMOTE
EMP000613,7,REMOTE
EMP000614,1,OFFICE
EMP000614,2,REMOTE
EMP000614,3,OFFICE
EMP000614,4,REMOTE
EMP000614,5,OFFICE
EMP000614,6,REMOTE
EMP000614,7,REMOTE
EMP000615,1,OFFICE
EMP000615,2,REMOTE
EMP000615,3,OFFICE
EMP000615,4,REMOTE
EMP000615,5,OFFICE
EMP000615,6,REMOTE
EMP000615,7,REMOTE
EMP000616,1,REMOTE
EMP000616,2,REMOTE
EMP000616,3,REMOTE
EMP000616,4,REMOTE
EMP000616,5,REMOTE
EMP000616,6,REMOTE
EMP000616,7,REMOTE
EMP000617,1,OFFICE
EMP000617,2,OFFICE
EMP000617,3,OFFICE
EMP000617,4,OFFICE
EMP000617,5,OFFICE
EMP000617,6,REMOTE
EMP000617,7,REMOTE
EMP000618,1,OFFICE
EMP000618,2,OFFICE
EMP000618,3,OFFICE
EMP000618,4,OFFICE
EMP000618,5,OFFICE
EMP000618,6,REMOTE
EMP000618,7,REMOTE
EMP000619,1,OFFICE
EMP000619,2,OFFICE
EMP000619,3,OFFICE
EMP000619,4,OFFICE
EMP000619,5,OFFICE
EMP000619,6,REMOTE
EMP000619,7,REMOTE
EMP000620,1,OFFICE
EMP000620,2,OFFICE
EMP000620,3,OFFICE
EMP000620,4,OFFICE
EMP000620,5,OFFICE
EMP000620,6,REMOTE
EMP000620,7,REMOTE
EMP000621,1,OFFICE
EMP000621,2,REMOTE
EMP000621,3,OFFICE
EMP000621,4,REMOTE
EMP000621,5,OFFICE
EMP000621,6,REMOTE
EMP000621,7,REMOTE
EMP000622,1,OFFICE
EMP000622,2,REMOTE
EMP000622,3,OFFICE
EMP000622,4,REMOTE
EMP000622,5,OFFICE
EMP000622,6,REMOTE
EMP000622,7,REMOTE
EMP000623,1,OFFICE
EMP000623,2,OFFICE
EMP000623,3,OFFICE
EMP000623,4,OFFICE
EMP000623,5,OFFICE
EMP000623,6,REMOTE
EMP000623,7,REMOTE
EMP000624,1,OFFICE
EMP000624,2,REMOTE
EMP000624,3,OFFICE
EMP000624,4,REMOTE
EMP000624,5,OFFICE
EMP000624,6,REMOTE
EMP000624,7,REMOTE
EMP000625,1,OFFICE
EMP000625,2,OFFICE
EMP000625,3,OFFICE
EMP000625,4,OFFICE
EMP000625,5,OFFICE
EMP000625,6,REMOTE
EMP000625,7,REMOTE
EMP000626,1,REMOTE
EMP000626,2,REMOTE
EMP000626,3,REMOTE
EMP000626,4,REMOTE
EMP000626,5,REMOTE
EMP000626,6,REMOTE
EMP000626,7,REMOTE
EMP000627,1,OFFICE
EMP000627,2,REMOTE
EMP000627,3,OFFICE
EMP000627,4,REMOTE
EMP000627,5,OFFICE
EMP000627,6,REMOTE
EMP000627,7,REMOTE
EMP000628,1,OFFICE
EMP000628,2,REMOTE
EMP000628,3,OFFICE
EMP000628,4,REMOTE
EMP000628,5,OFFICE
EMP000628,6,REMOTE
EMP000628,7,REMOTE
EMP000629,1,OFFICE
EMP000629,2,REMOTE
EMP000629,3,OFFICE
EMP000629,4,REMOTE
EMP000629,5,OFFICE
EMP000629,6,REMOTE
EMP000629,7,REMOTE
EMP000630,1,OFFICE
EMP000630,2,OFFICE
EMP000630,3,OFFICE
EMP000630,4,OFFICE
EMP000630,5,OFFICE
EMP000630,6,REMOTE
EMP000630,7,REMOTE
EMP000631,1,OFFICE
EMP000631,2,REMOTE
EMP000631,3,OFFICE
EMP000631,4,REMOTE
EMP000631,5,OFFICE
EMP000631,6,REMOTE
EMP000631,7,REMOTE
EMP000632,1,REMOTE
EMP000632,2,REMOTE
EMP000632,3,REMOTE
EMP000632,4,REMOTE
EMP000632,5,REMOTE
EMP000632,6,REMOTE
EMP000632,7,REMOTE
EMP000633,1,OFFICE
EMP000633,2,OFFICE
EMP000633,3,OFFICE
EMP000633,4,OFFICE
EMP000633,5,OFFICE
EMP000633,6,REMOTE
EMP000633,7,REMOTE
EMP000634,1,OFFICE
EMP000634,2,REMOTE
EMP000634,3,OFFICE
EMP000634,4,REMOTE
EMP000634,5,OFFICE
EMP000634,6,REMOTE
EMP000634,7,REMOTE
EMP000635,1,OFFICE
EMP000635,2,REMOTE
EMP000635,3,OFFICE
EMP000635,4,FLEX
EMP000635,5,OFFICE
EMP000635,6,REMOTE
EMP000635,7,REMOTE
EMP000636,1,OFFICE
EMP000636,2,FLEX
EMP000636,3,OFFICE
EMP000636,4,REMOTE
EMP000636,5,OFFICE
EMP000636,6,REMOTE
EMP000636,7,REMOTE
EMP000637,1,OFFICE
EMP000637,2,OFFICE
EMP000637,3,OFFICE
EMP000637,4,OFFICE
EMP000637,5,OFFICE
EMP000637,6,REMOTE
EMP000637,7,REMOTE
EMP000638,1,OFFICE
EMP000638,2,OFFICE
EMP000638,3,OFFICE
EMP000638,4,OFFICE
EMP000638,5,OFFICE
EMP000638,6,REMOTE
EMP000638,7,REMOTE
EMP000639,1,OFFICE
EMP000639,2,FLEX
EMP000639,3,OFFICE
EMP000639,4,REMOTE
EMP000639,5,OFFICE
EMP000639,6,REMOTE
EMP000639,7,REMOTE
EMP000640,1,OFFICE
EMP000640,2,REMOTE
EMP000640,3,OFFICE
EMP000640,4,REMOTE
EMP000640,5,OFFICE
EMP000640,6,REMOTE
EMP000640,7,REMOTE
EMP000641,1,OFFICE
EMP000641,2,REMOTE
EMP000641,3,OFFICE
EMP000641,4,REMOTE
EMP000641,5,OFFICE
EMP000641,6,REMOTE
EMP000641,7,REMOTE
EMP000642,1,OFFICE
EMP000642,2,OFFICE
EMP000642,3,OFFICE
EMP000642,4,OFFICE
EMP000642,5,OFFICE
EMP000642,6,REMOTE
EMP000642,7,REMOTE
EMP000643,1,OFFICE
EMP000643,2,OFFICE
EMP000643,3,OFFICE
EMP000643,4,OFFICE
EMP000643,5,OFFICE
EMP000643,6,REMOTE
EMP000643,7,REMOTE
EMP000644,1,OFFICE
EMP000644,2,REMOTE
EMP000644,3,OFFICE
EMP000644,4,REMOTE
EMP000644,5,OFFICE
EMP000644,6,REMOTE
EMP000644,7,REMOTE
EMP000645,1,REMOTE
EMP000645,2,REMOTE
EMP000645,3,REMOTE
EMP000645,4,REMOTE
EMP000645,5,REMOTE
EMP000645,6,REMOTE
EMP000645,7,REMOTE
EMP000646,1,OFFICE
EMP000646,2,REMOTE
EMP000646,3,OFFICE
EMP000646,4,REMOTE
EMP000646,5,OFFICE
EMP000646,6,REMOTE
EMP000646,7,REMOTE
EMP000647,1,OFFICE
EMP000647,2,REMOTE
EMP000647,3,OFFICE
EMP000647,4,REMOTE
EMP000647,5,OFFICE
EMP000647,6,REMOTE
EMP000647,7,REMOTE
EMP000648,1,REMOTE
EMP000648,2,REMOTE
EMP000648,3,REMOTE
EMP000648,4,REMOTE
EMP000648,5,REMOTE
EMP000648,6,REMOTE
EMP000648,7,REMOTE
EMP000649,1,OFFICE
EMP000649,2,REMOTE
EMP000649,3,OFFICE
EMP000649,4,REMOTE
EMP000649,5,OFFICE
EMP000649,6,REMOTE
EMP000649,7,REMOTE
EMP000650,1,OFFICE
EMP000650,2,REMOTE
EMP000650,3,OFFICE
EMP000650,4,REMOTE
EMP000650,5,OFFICE
EMP000650,6,REMOTE
EMP000650,7,REMOTE
EMP000651,1,OFFICE
EMP000651,2,OFFICE
EMP000651,3,OFFICE
EMP000651,4,OFFICE
EMP000651,5,OFFICE
EMP000651,6,REMOTE
EMP000651,7,REMOTE
EMP000652,1,OFFICE
EMP000652,2,REMOTE
EMP000652,3,OFFICE
EMP000652,4,REMOTE
EMP000652,5,OFFICE
EMP000652,6,REMOTE
EMP000652,7,REMOTE
EMP000653,1,OFFICE
EMP000653,2,REMOTE
EMP000653,3,OFFICE
EMP000653,4,REMOTE
EMP000653,5,OFFICE
EMP000653,6,REMOTE
EMP000653,7,REMOTE
EMP000654,1,OFFICE
EMP000654,2,REMOTE
EMP000654,3,OFFICE
EMP000654,4,REMOTE
EMP000654,5,OFFICE
EMP000654,6,REMOTE
EMP000654,7,REMOTE
EMP000655,1,OFFICE
EMP000655,2,OFFICE
EMP000655,3,OFFICE
EMP000655,4,OFFICE
EMP000655,5,OFFICE
EMP000655,6,REMOTE
EMP000655,7,REMOTE
EMP000656,1,REMOTE
EMP000656,2,REMOTE
EMP000656,3,REMOTE
EMP000656,4,REMOTE
EMP000656,5,REMOTE
EMP000656,6,REMOTE
EMP000656,7,REMOTE
EMP000657,1,OFFICE
EMP000657,2,REMOTE
EMP000657,3,OFFICE
EMP000657,4,REMOTE
EMP000657,5,OFFICE
EMP000657,6,REMOTE
EMP000657,7,REMOTE
EMP000658,1,OFFICE
EMP000658,2,REMOTE
EMP000658,3,OFFICE
EMP000658,4,REMOTE
EMP000658,5,OFFICE
EMP000658,6,REMOTE
EMP000658,7,REMOTE
EMP000659,1,OFFICE
EMP000659,2,REMOTE
EMP000659,3,OFFICE
EMP000659,4,REMOTE
EMP000659,5,OFFICE
EMP000659,6,REMOTE
EMP000659,7,REMOTE
EMP000660,1,OFFICE
EMP000660,2,REMOTE
EMP000660,3,OFFICE
EMP000660,4,REMOTE
EMP000660,5,OFFICE
EMP000660,6,REMOTE
EMP000660,7,REMOTE
EMP000661,1,OFFICE
EMP000661,2,REMOTE
EMP000661,3,OFFICE
EMP000661,4,REMOTE
EMP000661,5,OFFICE
EMP000661,6,REMOTE
EMP000661,7,REMOTE
EMP000662,1,OFFICE
EMP000662,2,OFFICE
EMP000662,3,OFFICE
EMP000662,4,OFFICE
EMP000662,5,OFFICE
EMP000662,6,REMOTE
EMP000662,7,REMOTE
EMP000663,1,REMOTE
EMP000663,2,REMOTE
EMP000663,3,REMOTE
EMP000663,4,REMOTE
EMP000663,5,REMOTE
EMP000663,6,REMOTE
EMP000663,7,REMOTE
EMP000664,1,OFFICE
EMP000664,2,REMOTE
EMP000664,3,OFFICE
EMP000664,4,REMOTE
EMP000664,5,OFFICE
EMP000664,6,REMOTE
EMP000664,7,REMOTE
EMP000665,1,OFFICE
EMP000665,2,REMOTE
EMP000665,3,OFFICE
EMP000665,4,REMOTE
EMP000665,5,OFFICE
EMP000665,6,REMOTE
EMP000665,7,REMOTE
EMP000666,1,REMOTE
EMP000666,2,REMOTE
EMP000666,3,REMOTE
EMP000666,4,REMOTE
EMP000666,5,REMOTE
EMP000666,6,REMOTE
EMP000666,7,REMOTE
EMP000667,1,OFFICE
EMP000667,2,REMOTE
EMP000667,3,OFFICE
EMP000667,4,REMOTE
EMP000667,5,OFFICE
EMP000667,6,REMOTE
EMP000667,7,REMOTE
EMP000668,1,REMOTE
EMP000668,2,REMOTE
EMP000668,3,REMOTE
EMP000668,4,REMOTE
EMP000668,5,REMOTE
EMP000668,6,REMOTE
EMP000668,7,REMOTE
EMP000669,1,OFFICE
EMP000669,2,OFFICE
EMP000669,3,OFFICE
EMP000669,4,OFFICE
EMP000669,5,OFFICE
EMP000669,6,REMOTE
EMP000669,7,REMOTE
EMP000670,1,OFFICE
EMP000670,2,OFFICE
EMP000670,3,OFFICE
EMP000670,4,OFFICE
EMP000670,5,OFFICE
EMP000670,6,REMOTE
EMP000670,7,REMOTE
EMP000671,1,OFFICE
EMP000671,2,REMOTE
EMP000671,3,OFFICE
EMP000671,4,REMOTE
EMP000671,5,OFFICE
EMP000671,6,REMOTE
EMP000671,7,REMOTE
EMP000672,1,OFFICE
EMP000672,2,OFFICE
EMP000672,3,OFFICE
EMP000672,4,OFFICE
EMP000672,5,OFFICE
EMP000672,6,REMOTE
EMP000672,7,REMOTE
EMP000673,1,OFFICE
EMP000673,2,REMOTE
EMP000673,3,OFFICE
EMP000673,4,FLEX
EMP000673,5,OFFICE
EMP000673,6,REMOTE
EMP000673,7,REMOTE
EMP000674,1,OFFICE
EMP000674,2,REMOTE
EMP000674,3,OFFICE
EMP000674,4,FLEX
EMP000674,5,OFFICE
EMP000674,6,REMOTE
EMP000674,7,REMOTE
EMP000675,1,OFFICE
EMP000675,2,REMOTE
EMP000675,3,OFFICE
EMP000675,4,FLEX
EMP000675,5,OFFICE
EMP000675,6,REMOTE
EMP000675,7,REMOTE
EMP000676,1,OFFICE
EMP000676,2,REMOTE
EMP000676,3,OFFICE
EMP000676,4,FLEX
EMP000676,5,OFFICE
EMP000676,6,REMOTE
EMP000676,7,REMOTE
EMP000677,1,OFFICE
EMP000677,2,FLEX
EMP000677,3,OFFICE
EMP000677,4,REMOTE
EMP000677,5,OFFICE
EMP000677,6,REMOTE
EMP000677,7,REMOTE
EMP000678,1,OFFICE
EMP000678,2,REMOTE
EMP000678,3,OFFICE
EMP000678,4,FLEX
EMP000678,5,OFFICE
EMP000678,6,REMOTE
EMP000678,7,REMOTE
EMP000679,1,REMOTE
EMP000679,2,REMOTE
EMP000679,3,REMOTE
EMP000679,4,REMOTE
EMP000679,5,REMOTE
EMP000679,6,REMOTE
EMP000679,7,REMOTE
EMP000680,1,OFFICE
EMP000680,2,REMOTE
EMP000680,3,OFFICE
EMP000680,4,FLEX
EMP000680,5,OFFICE
EMP000680,6,REMOTE
EMP000680,7,REMOTE
EMP000681,1,OFFICE
EMP000681,2,REMOTE
EMP000681,3,OFFICE
EMP000681,4,REMOTE
EMP000681,5,OFFICE
EMP000681,6,REMOTE
EMP000681,7,REMOTE
EMP000682,1,REMOTE
EMP000682,2,REMOTE
EMP000682,3,REMOTE
EMP000682,4,REMOTE
EMP000682,5,REMOTE
EMP000682,6,REMOTE
EMP000682,7,REMOTE
EMP000683,1,OFFICE
EMP000683,2,REMOTE
EMP000683,3,OFFICE
EMP000683,4,REMOTE
EMP000683,5,OFFICE
EMP000683,6,REMOTE
EMP000683,7,REMOTE
EMP000684,1,OFFICE
EMP000684,2,FLEX
EMP000684,3,OFFICE
EMP000684,4,REMOTE
EMP000684,5,OFFICE
EMP000684,6,REMOTE
EMP000684,7,REMOTE
EMP000685,1,REMOTE
EMP000685,2,REMOTE
EMP000685,3,REMOTE
EMP000685,4,REMOTE
EMP000685,5,REMOTE
EMP000685,6,REMOTE
EMP000685,7,REMOTE
EMP000686,1,OFFICE
EMP000686,2,REMOTE
EMP000686,3,OFFICE
EMP000686,4,REMOTE
EMP000686,5,OFFICE
EMP000686,6,REMOTE
EMP000686,7,REMOTE
EMP000687,1,OFFICE
EMP000687,2,REMOTE
EMP000687,3,OFFICE
EMP000687,4,REMOTE
EMP000687,5,OFFICE
EMP000687,6,REMOTE
EMP000687,7,REMOTE
EMP000688,1,REMOTE
EMP000688,2,REMOTE
EMP000688,3,REMOTE
EMP000688,4,REMOTE
EMP000688,5,REMOTE
EMP000688,6,REMOTE
EMP000688,7,REMOTE
EMP000689,1,REMOTE
EMP000689,2,REMOTE
EMP000689,3,REMOTE
EMP000689,4,REMOTE
EMP000689,5,REMOTE
EMP000689,6,REMOTE
EMP000689,7,REMOTE
EMP000690,1,OFFICE
EMP000690,2,REMOTE
EMP000690,3,OFFICE
EMP000690,4,REMOTE
EMP000690,5,OFFICE
EMP000690,6,REMOTE
EMP000690,7,REMOTE
EMP000691,1,OFFICE
EMP000691,2,OFFICE
EMP000691,3,OFFICE
EMP000691,4,OFFICE
EMP000691,5,OFFICE
EMP000691,6,REMOTE
EMP000691,7,REMOTE
EMP000692,1,OFFICE
EMP000692,2,OFFICE
EMP000692,3,OFFICE
EMP000692,4,OFFICE
EMP000692,5,OFFICE
EMP000692,6,REMOTE
EMP000692,7,REMOTE
EMP000693,1,OFFICE
EMP000693,2,REMOTE
EMP000693,3,OFFICE
EMP000693,4,OFFICE
EMP000693,5,FLEX
EMP000693,6,REMOTE
EMP000693,7,REMOTE
EMP000694,1,OFFICE
EMP000694,2,REMOTE
EMP000694,3,OFFICE
EMP000694,4,OFFICE
EMP000694,5,REMOTE
EMP000694,6,REMOTE
EMP000694,7,REMOTE
EMP000695,1,REMOTE
EMP000695,2,REMOTE
EMP000695,3,REMOTE
EMP000695,4,REMOTE
EMP000695,5,REMOTE
EMP000695,6,REMOTE
EMP000695,7,REMOTE
EMP000696,1,OFFICE
EMP000696,2,REMOTE
EMP000696,3,OFFICE
EMP000696,4,OFFICE
EMP000696,5,REMOTE
EMP000696,6,REMOTE
EMP000696,7,REMOTE
EMP000697,1,OFFICE
EMP000697,2,OFFICE
EMP000697,3,OFFICE
EMP000697,4,OFFICE
EMP000697,5,OFFICE
EMP000697,6,REMOTE
EMP000697,7,REMOTE
EMP000698,1,OFFICE
EMP000698,2,REMOTE
EMP000698,3,OFFICE
EMP000698,4,OFFICE
EMP000698,5,REMOTE
EMP000698,6,REMOTE
EMP000698,7,REMOTE
EMP000699,1,OFFICE
EMP000699,2,REMOTE
EMP000699,3,OFFICE
EMP000699,4,OFFICE
EMP000699,5,REMOTE
EMP000699,6,REMOTE
EMP000699,7,REMOTE
EMP000700,1,OFFICE
EMP000700,2,OFFICE
EMP000700,3,OFFICE
EMP000700,4,OFFICE
EMP000700,5,OFFICE
EMP000700,6,REMOTE
EMP000700,7,REMOTE
EMP000701,1,REMOTE
EMP000701,2,REMOTE
EMP000701,3,REMOTE
EMP000701,4,REMOTE
EMP000701,5,REMOTE
EMP000701,6,REMOTE
EMP000701,7,REMOTE
EMP000702,1,OFFICE
EMP000702,2,REMOTE
EMP000702,3,OFFICE
EMP000702,4,OFFICE
EMP000702,5,REMOTE
EMP000702,6,REMOTE
EMP000702,7,REMOTE
EMP000703,1,OFFICE
EMP000703,2,REMOTE
EMP000703,3,OFFICE
EMP000703,4,OFFICE
EMP000703,5,REMOTE
EMP000703,6,REMOTE
EMP000703,7,REMOTE
EMP000704,1,REMOTE
EMP000704,2,REMOTE
EMP000704,3,REMOTE
EMP000704,4,REMOTE
EMP000704,5,REMOTE
EMP000704,6,REMOTE
EMP000704,7,REMOTE
EMP000705,1,OFFICE
EMP000705,2,FLEX
EMP000705,3,OFFICE
EMP000705,4,OFFICE
EMP000705,5,REMOTE
EMP000705,6,REMOTE
EMP000705,7,REMOTE
EMP000706,1,OFFICE
EMP000706,2,OFFICE
EMP000706,3,OFFICE
EMP000706,4,OFFICE
EMP000706,5,OFFICE
EMP000706,6,REMOTE
EMP000706,7,REMOTE
EMP000707,1,REMOTE
EMP000707,2,REMOTE
EMP000707,3,REMOTE
EMP000707,4,REMOTE
EMP000707,5,REMOTE
EMP000707,6,REMOTE
EMP000707,7,REMOTE
EMP000708,1,OFFICE
EMP000708,2,REMOTE
EMP000708,3,OFFICE
EMP000708,4,OFFICE
EMP000708,5,REMOTE
EMP000708,6,REMOTE
EMP000708,7,REMOTE
EMP000709,1,OFFICE
EMP000709,2,REMOTE
EMP000709,3,OFFICE
EMP000709,4,OFFICE
EMP000709,5,REMOTE
EMP000709,6,REMOTE
EMP000709,7,REMOTE
EMP000710,1,REMOTE
EMP000710,2,REMOTE
EMP000710,3,REMOTE
EMP000710,4,REMOTE
EMP000710,5,REMOTE
EMP000710,6,REMOTE
EMP000710,7,REMOTE
EMP000711,1,OFFICE
EMP000711,2,REMOTE
EMP000711,3,OFFICE
EMP000711,4,OFFICE
EMP000711,5,REMOTE
EMP000711,6,REMOTE
EMP000711,7,REMOTE
EMP000712,1,OFFICE
EMP000712,2,REMOTE
EMP000712,3,OFFICE
EMP000712,4,OFFICE
EMP000712,5,REMOTE
EMP000712,6,REMOTE
EMP000712,7,REMOTE
EMP000713,1,OFFICE
EMP000713,2,REMOTE
EMP000713,3,OFFICE
EMP000713,4,OFFICE
EMP000713,5,REMOTE
EMP000713,6,REMOTE
EMP000713,7,REMOTE
EMP000714,1,OFFICE
EMP000714,2,REMOTE
EMP000714,3,OFFICE
EMP000714,4,OFFICE
EMP000714,5,REMOTE
EMP000714,6,REMOTE
EMP000714,7,REMOTE
EMP000715,1,OFFICE
EMP000715,2,OFFICE
EMP000715,3,OFFICE
EMP000715,4,OFFICE
EMP000715,5,OFFICE
EMP000715,6,REMOTE
EMP000715,7,REMOTE
EMP000716,1,OFFICE
EMP000716,2,REMOTE
EMP000716,3,FLEX
EMP000716,4,OFFICE
EMP000716,5,OFFICE
EMP000716,6,REMOTE
EMP000716,7,REMOTE
EMP000717,1,OFFICE
EMP000717,2,OFFICE
EMP000717,3,OFFICE
EMP000717,4,OFFICE
EMP000717,5,OFFICE
EMP000717,6,REMOTE
EMP000717,7,REMOTE
EMP000718,1,OFFICE
EMP000718,2,FLEX
EMP000718,3,REMOTE
EMP000718,4,OFFICE
EMP000718,5,OFFICE
EMP000718,6,REMOTE
EMP000718,7,REMOTE
EMP000719,1,OFFICE
EMP000719,2,FLEX
EMP000719,3,REMOTE
EMP000719,4,OFFICE
EMP000719,5,OFFICE
EMP000719,6,REMOTE
EMP000719,7,REMOTE
EMP000720,1,OFFICE
EMP000720,2,FLEX
EMP000720,3,REMOTE
EMP000720,4,OFFICE
EMP000720,5,OFFICE
EMP000720,6,REMOTE
EMP000720,7,REMOTE
EMP000721,1,OFFICE
EMP000721,2,REMOTE
EMP000721,3,REMOTE
EMP000721,4,OFFICE
EMP000721,5,OFFICE
EMP000721,6,REMOTE
EMP000721,7,REMOTE
EMP000722,1,OFFICE
EMP000722,2,OFFICE
EMP000722,3,OFFICE
EMP000722,4,OFFICE
EMP000722,5,OFFICE
EMP000722,6,REMOTE
EMP000722,7,REMOTE
EMP000723,1,OFFICE
EMP000723,2,OFFICE
EMP000723,3,OFFICE
EMP000723,4,OFFICE
EMP000723,5,OFFICE
EMP000723,6,REMOTE
EMP000723,7,REMOTE
EMP000724,1,OFFICE
EMP000724,2,OFFICE
EMP000724,3,OFFICE
EMP000724,4,OFFICE
EMP000724,5,OFFICE
EMP000724,6,REMOTE
EMP000724,7,REMOTE
EMP000725,1,OFFICE
EMP000725,2,REMOTE
EMP000725,3,REMOTE
EMP000725,4,OFFICE
EMP000725,5,OFFICE
EMP000725,6,REMOTE
EMP000725,7,REMOTE
EMP000726,1,OFFICE
EMP000726,2,REMOTE
EMP000726,3,OFFICE
EMP000726,4,OFFICE
EMP000726,5,REMOTE
EMP000726,6,REMOTE
EMP000726,7,REMOTE
EMP000727,1,REMOTE
EMP000727,2,REMOTE
EMP000727,3,REMOTE
EMP000727,4,REMOTE
EMP000727,5,REMOTE
EMP000727,6,REMOTE
EMP000727,7,REMOTE
EMP000728,1,REMOTE
EMP000728,2,REMOTE
EMP000728,3,REMOTE
EMP000728,4,REMOTE
EMP000728,5,REMOTE
EMP000728,6,REMOTE
EMP000728,7,REMOTE
EMP000729,1,OFFICE
EMP000729,2,REMOTE
EMP000729,3,OFFICE
EMP000729,4,OFFICE
EMP000729,5,FLEX
EMP000729,6,REMOTE
EMP000729,7,REMOTE
EMP000730,1,OFFICE
EMP000730,2,REMOTE
EMP000730,3,OFFICE
EMP000730,4,OFFICE
EMP000730,5,REMOTE
EMP000730,6,REMOTE
EMP000730,7,REMOTE
EMP000731,1,REMOTE
EMP000731,2,REMOTE
EMP000731,3,REMOTE
EMP000731,4,REMOTE
EMP000731,5,REMOTE
EMP000731,6,REMOTE
EMP000731,7,REMOTE
EMP000732,1,OFFICE
EMP000732,2,FLEX
EMP000732,3,OFFICE
EMP000732,4,OFFICE
EMP000732,5,REMOTE
EMP000732,6,REMOTE
EMP000732,7,REMOTE
EMP000733,1,OFFICE
EMP000733,2,REMOTE
EMP000733,3,OFFICE
EMP000733,4,OFFICE
EMP000733,5,REMOTE
EMP000733,6,REMOTE
EMP000733,7,REMOTE
EMP000734,1,OFFICE
EMP000734,2,REMOTE
EMP000734,3,OFFICE
EMP000734,4,OFFICE
EMP000734,5,FLEX
EMP000734,6,REMOTE
EMP000734,7,REMOTE
EMP000735,1,OFFICE
EMP000735,2,OFFICE
EMP000735,3,OFFICE
EMP000735,4,OFFICE
EMP000735,5,OFFICE
EMP000735,6,REMOTE
EMP000735,7,REMOTE
EMP000736,1,OFFICE
EMP000736,2,FLEX
EMP000736,3,OFFICE
EMP000736,4,OFFICE
EMP000736,5,REMOTE
EMP000736,6,REMOTE
EMP000736,7,REMOTE
EMP000737,1,OFFICE
EMP000737,2,OFFICE
EMP000737,3,OFFICE
EMP000737,4,OFFICE
EMP000737,5,OFFICE
EMP000737,6,REMOTE
EMP000737,7,REMOTE
EMP000738,1,REMOTE
EMP000738,2,REMOTE
EMP000738,3,OFFICE
EMP000738,4,OFFICE
EMP000738,5,OFFICE
EMP000738,6,REMOTE
EMP000738,7,REMOTE
EMP000739,1,OFFICE
EMP000739,2,OFFICE
EMP000739,3,OFFICE
EMP000739,4,OFFICE
EMP000739,5,OFFICE
EMP000739,6,REMOTE
EMP000739,7,REMOTE
EMP000740,1,REMOTE
EMP000740,2,REMOTE
EMP000740,3,OFFICE
EMP000740,4,OFFICE
EMP000740,5,OFFICE
EMP000740,6,REMOTE
EMP000740,7,REMOTE
EMP000741,1,OFFICE
EMP000741,2,OFFICE
EMP000741,3,OFFICE
EMP000741,4,OFFICE
EMP000741,5,OFFICE
EMP000741,6,REMOTE
EMP000741,7,REMOTE
EMP000742,1,OFFICE
EMP000742,2,OFFICE
EMP000742,3,OFFICE
EMP000742,4,OFFICE
EMP000742,5,OFFICE
EMP000742,6,REMOTE
EMP000742,7,REMOTE
EMP000743,1,REMOTE
EMP000743,2,REMOTE
EMP000743,3,REMOTE
EMP000743,4,REMOTE
EMP000743,5,REMOTE
EMP000743,6,REMOTE
EMP000743,7,REMOTE
EMP000744,1,REMOTE
EMP000744,2,REMOTE
EMP000744,3,OFFICE
EMP000744,4,OFFICE
EMP000744,5,OFFICE
EMP000744,6,REMOTE
EMP000744,7,REMOTE
EMP000745,1,FLEX
EMP000745,2,REMOTE
EMP000745,3,OFFICE
EMP000745,4,OFFICE
EMP000745,5,OFFICE
EMP000745,6,REMOTE
EMP000745,7,REMOTE
EMP000746,1,REMOTE
EMP000746,2,REMOTE
EMP000746,3,OFFICE
EMP000746,4,OFFICE
EMP000746,5,OFFICE
EMP000746,6,REMOTE
EMP000746,7,REMOTE
EMP000747,1,REMOTE
EMP000747,2,REMOTE
EMP000747,3,REMOTE
EMP000747,4,REMOTE
EMP000747,5,REMOTE
EMP000747,6,REMOTE
EMP000747,7,REMOTE
EMP000748,1,OFFICE
EMP000748,2,OFFICE
EMP000748,3,OFFICE
EMP000748,4,OFFICE
EMP000748,5,OFFICE
EMP000748,6,REMOTE
EMP000748,7,REMOTE
EMP000749,1,REMOTE
EMP000749,2,REMOTE
EMP000749,3,OFFICE
EMP000749,4,OFFICE
EMP000749,5,OFFICE
EMP000749,6,REMOTE
EMP000749,7,REMOTE
EMP000750,1,REMOTE
EMP000750,2,FLEX
EMP000750,3,OFFICE
EMP000750,4,OFFICE
EMP000750,5,OFFICE
EMP000750,6,REMOTE
EMP000750,7,REMOTE
EMP000751,1,OFFICE
EMP000751,2,OFFICE
EMP000751,3,OFFICE
EMP000751,4,OFFICE
EMP000751,5,OFFICE
EMP000751,6,REMOTE
EMP000751,7,REMOTE
EMP000752,1,OFFICE
EMP000752,2,REMOTE
EMP000752,3,OFFICE
EMP000752,4,OFFICE
EMP000752,5,REMOTE
EMP000752,6,REMOTE
EMP000752,7,REMOTE
EMP000753,1,OFFICE
EMP000753,2,FLEX
EMP000753,3,OFFICE
EMP000753,4,OFFICE
EMP000753,5,REMOTE
EMP000753,6,REMOTE
EMP000753,7,REMOTE
EMP000754,1,OFFICE
EMP000754,2,REMOTE
EMP000754,3,OFFICE
EMP000754,4,OFFICE
EMP000754,5,REMOTE
EMP000754,6,REMOTE
EMP000754,7,REMOTE
EMP000755,1,OFFICE
EMP000755,2,REMOTE
EMP000755,3,OFFICE
EMP000755,4,OFFICE
EMP000755,5,REMOTE
EMP000755,6,REMOTE
EMP000755,7,REMOTE
EMP000756,1,OFFICE
EMP000756,2,REMOTE
EMP000756,3,OFFICE
EMP000756,4,OFFICE
EMP000756,5,FLEX
EMP000756,6,REMOTE
EMP000756,7,REMOTE
EMP000757,1,OFFICE
EMP000757,2,FLEX
EMP000757,3,OFFICE
EMP000757,4,OFFICE
EMP000757,5,REMOTE
EMP000757,6,REMOTE
EMP000757,7,REMOTE
EMP000758,1,OFFICE
EMP000758,2,OFFICE
EMP000758,3,OFFICE
EMP000758,4,OFFICE
EMP000758,5,OFFICE
EMP000758,6,REMOTE
EMP000758,7,REMOTE
EMP000759,1,OFFICE
EMP000759,2,REMOTE
EMP000759,3,OFFICE
EMP000759,4,OFFICE
EMP000759,5,REMOTE
EMP000759,6,REMOTE
EMP000759,7,REMOTE
EMP000760,1,REMOTE
EMP000760,2,REMOTE
EMP000760,3,REMOTE
EMP000760,4,REMOTE
EMP000760,5,REMOTE
EMP000760,6,REMOTE
EMP000760,7,REMOTE
EMP000761,1,FLEX
EMP000761,2,OFFICE
EMP000761,3,OFFICE
EMP000761,4,OFFICE
EMP000761,5,REMOTE
EMP000761,6,REMOTE
EMP000761,7,REMOTE
EMP000762,1,REMOTE
EMP000762,2,REMOTE
EMP000762,3,REMOTE
EMP000762,4,REMOTE
EMP000762,5,REMOTE
EMP000762,6,REMOTE
EMP000762,7,REMOTE
EMP000763,1,OFFICE
EMP000763,2,OFFICE
EMP000763,3,OFFICE
EMP000763,4,OFFICE
EMP000763,5,OFFICE
EMP000763,6,REMOTE
EMP000763,7,REMOTE
EMP000764,1,REMOTE
EMP000764,2,OFFICE
EMP000764,3,OFFICE
EMP000764,4,OFFICE
EMP000764,5,REMOTE
EMP000764,6,REMOTE
EMP000764,7,REMOTE
EMP000765,1,REMOTE
EMP000765,2,REMOTE
EMP000765,3,REMOTE
EMP000765,4,REMOTE
EMP000765,5,REMOTE
EMP000765,6,REMOTE
EMP000765,7,REMOTE
EMP000766,1,REMOTE
EMP000766,2,REMOTE
EMP000766,3,REMOTE
EMP000766,4,REMOTE
EMP000766,5,REMOTE
EMP000766,6,REMOTE
EMP000766,7,REMOTE
EMP000767,1,REMOTE
EMP000767,2,REMOTE
EMP000767,3,REMOTE
EMP000767,4,REMOTE
EMP000767,5,REMOTE
EMP000767,6,REMOTE
EMP000767,7,REMOTE
EMP000768,1,REMOTE
EMP000768,2,OFFICE
EMP000768,3,OFFICE
EMP000768,4,OFFICE
EMP000768,5,FLEX
EMP000768,6,REMOTE
EMP000768,7,REMOTE
EMP000769,1,OFFICE
EMP000769,2,OFFICE
EMP000769,3,OFFICE
EMP000769,4,OFFICE
EMP000769,5,OFFICE
EMP000769,6,REMOTE
EMP000769,7,REMOTE
EMP000770,1,FLEX
EMP000770,2,OFFICE
EMP000770,3,OFFICE
EMP000770,4,OFFICE
EMP000770,5,REMOTE
EMP000770,6,REMOTE
EMP000770,7,REMOTE
EMP000771,1,OFFICE
EMP000771,2,OFFICE
EMP000771,3,OFFICE
EMP000771,4,OFFICE
EMP000771,5,OFFICE
EMP000771,6,REMOTE
EMP000771,7,REMOTE
EMP000772,1,OFFICE
EMP000772,2,OFFICE
EMP000772,3,REMOTE
EMP000772,4,OFFICE
EMP000772,5,REMOTE
EMP000772,6,REMOTE
EMP000772,7,REMOTE
EMP000773,1,OFFICE
EMP000773,2,OFFICE
EMP000773,3,REMOTE
EMP000773,4,OFFICE
EMP000773,5,REMOTE
EMP000773,6,REMOTE
EMP000773,7,REMOTE
EMP000774,1,OFFICE
EMP000774,2,OFFICE
EMP000774,3,REMOTE
EMP000774,4,OFFICE
EMP000774,5,REMOTE
EMP000774,6,REMOTE
EMP000774,7,REMOTE
EMP000775,1,OFFICE
EMP000775,2,OFFICE
EMP000775,3,OFFICE
EMP000775,4,OFFICE
EMP000775,5,OFFICE
EMP000775,6,REMOTE
EMP000775,7,REMOTE
EMP000776,1,OFFICE
EMP000776,2,OFFICE
EMP000776,3,REMOTE
EMP000776,4,OFFICE
EMP000776,5,REMOTE
EMP000776,6,REMOTE
EMP000776,7,REMOTE
EMP000777,1,OFFICE
EMP000777,2,OFFICE
EMP000777,3,REMOTE
EMP000777,4,OFFICE
EMP000777,5,REMOTE
EMP000777,6,REMOTE
EMP000777,7,REMOTE
EMP000778,1,OFFICE
EMP000778,2,OFFICE
EMP000778,3,OFFICE
EMP000778,4,OFFICE
EMP000778,5,OFFICE
EMP000778,6,REMOTE
EMP000778,7,REMOTE
EMP000779,1,OFFICE
EMP000779,2,OFFICE
EMP000779,3,FLEX
EMP000779,4,OFFICE
EMP000779,5,REMOTE
EMP000779,6,REMOTE
EMP000779,7,REMOTE
EMP000780,1,OFFICE
EMP000780,2,OFFICE
EMP000780,3,OFFICE
EMP000780,4,OFFICE
EMP000780,5,OFFICE
EMP000780,6,REMOTE
EMP000780,7,REMOTE
EMP000781,1,OFFICE
EMP000781,2,OFFICE
EMP000781,3,OFFICE
EMP000781,4,OFFICE
EMP000781,5,OFFICE
EMP000781,6,REMOTE
EMP000781,7,REMOTE
EMP000782,1,OFFICE
EMP000782,2,OFFICE
EMP000782,3,REMOTE
EMP000782,4,OFFICE
EMP000782,5,REMOTE
EMP000782,6,REMOTE
EMP000782,7,REMOTE
EMP000783,1,OFFICE
EMP000783,2,OFFICE
EMP000783,3,OFFICE
EMP000783,4,OFFICE
EMP000783,5,OFFICE
EMP000783,6,REMOTE
EMP000783,7,REMOTE
EMP000784,1,OFFICE
EMP000784,2,OFFICE
EMP000784,3,OFFICE
EMP000784,4,OFFICE
EMP000784,5,OFFICE
EMP000784,6,REMOTE
EMP000784,7,REMOTE
EMP000785,1,OFFICE
EMP000785,2,OFFICE
EMP000785,3,OFFICE
EMP000785,4,OFFICE
EMP000785,5,OFFICE
EMP000785,6,REMOTE
EMP000785,7,REMOTE
EMP000786,1,OFFICE
EMP000786,2,OFFICE
EMP000786,3,FLEX
EMP000786,4,OFFICE
EMP000786,5,REMOTE
EMP000786,6,REMOTE
EMP000786,7,REMOTE
EMP000787,1,OFFICE
EMP000787,2,OFFICE
EMP000787,3,OFFICE
EMP000787,4,OFFICE
EMP000787,5,OFFICE
EMP000787,6,REMOTE
EMP000787,7,REMOTE
EMP000788,1,OFFICE
EMP000788,2,OFFICE
EMP000788,3,REMOTE
EMP000788,4,OFFICE
EMP000788,5,REMOTE
EMP000788,6,REMOTE
EMP000788,7,REMOTE
EMP000789,1,REMOTE
EMP000789,2,REMOTE
EMP000789,3,REMOTE
EMP000789,4,REMOTE
EMP000789,5,REMOTE
EMP000789,6,REMOTE
EMP000789,7,REMOTE
EMP000790,1,OFFICE
EMP000790,2,OFFICE
EMP000790,3,REMOTE
EMP000790,4,OFFICE
EMP000790,5,FLEX
EMP000790,6,REMOTE
EMP000790,7,REMOTE
EMP000791,1,OFFICE
EMP000791,2,OFFICE
EMP000791,3,OFFICE
EMP000791,4,OFFICE
EMP000791,5,OFFICE
EMP000791,6,REMOTE
EMP000791,7,REMOTE
EMP000792,1,OFFICE
EMP000792,2,OFFICE
EMP000792,3,REMOTE
EMP000792,4,OFFICE
EMP000792,5,REMOTE
EMP000792,6,REMOTE
EMP000792,7,REMOTE
EMP000793,1,OFFICE
EMP000793,2,OFFICE
EMP000793,3,REMOTE
EMP000793,4,OFFICE
EMP000793,5,REMOTE
EMP000793,6,REMOTE
EMP000793,7,REMOTE
EMP000794,1,OFFICE
EMP000794,2,OFFICE
EMP000794,3,REMOTE
EMP000794,4,OFFICE
EMP000794,5,REMOTE
EMP000794,6,REMOTE
EMP000794,7,REMOTE
EMP000795,1,OFFICE
EMP000795,2,OFFICE
EMP000795,3,REMOTE
EMP000795,4,OFFICE
EMP000795,5,REMOTE
EMP000795,6,REMOTE
EMP000795,7,REMOTE
EMP000796,1,OFFICE
EMP000796,2,OFFICE
EMP000796,3,REMOTE
EMP000796,4,OFFICE
EMP000796,5,REMOTE
EMP000796,6,REMOTE
EMP000796,7,REMOTE
EMP000797,1,OFFICE
EMP000797,2,OFFICE
EMP000797,3,FLEX
EMP000797,4,OFFICE
EMP000797,5,REMOTE
EMP000797,6,REMOTE
EMP000797,7,REMOTE
EMP000798,1,OFFICE
EMP000798,2,OFFICE
EMP000798,3,REMOTE
EMP000798,4,OFFICE
EMP000798,5,REMOTE
EMP000798,6,REMOTE
EMP000798,7,REMOTE
EMP000799,1,OFFICE
EMP000799,2,OFFICE
EMP000799,3,OFFICE
EMP000799,4,OFFICE
EMP000799,5,OFFICE
EMP000799,6,REMOTE
EMP000799,7,REMOTE
EMP000800,1,OFFICE
EMP000800,2,OFFICE
EMP000800,3,FLEX
EMP000800,4,OFFICE
EMP000800,5,REMOTE
EMP000800,6,REMOTE
EMP000800,7,REMOTE
EMP000801,1,REMOTE
EMP000801,2,REMOTE
EMP000801,3,REMOTE
EMP000801,4,REMOTE
EMP000801,5,REMOTE
EMP000801,6,REMOTE
EMP000801,7,REMOTE
EMP000802,1,OFFICE
EMP000802,2,OFFICE
EMP000802,3,OFFICE
EMP000802,4,OFFICE
EMP000802,5,OFFICE
EMP000802,6,REMOTE
EMP000802,7,REMOTE
EMP000803,1,REMOTE
EMP000803,2,REMOTE
EMP000803,3,REMOTE
EMP000803,4,REMOTE
EMP000803,5,REMOTE
EMP000803,6,REMOTE
EMP000803,7,REMOTE
EMP000804,1,OFFICE
EMP000804,2,OFFICE
EMP000804,3,OFFICE
EMP000804,4,OFFICE
EMP000804,5,OFFICE
EMP000804,6,REMOTE
EMP000804,7,REMOTE
EMP000805,1,OFFICE
EMP000805,2,OFFICE
EMP000805,3,REMOTE
EMP000805,4,OFFICE
EMP000805,5,REMOTE
EMP000805,6,REMOTE
EMP000805,7,REMOTE
EMP000806,1,OFFICE
EMP000806,2,OFFICE
EMP000806,3,REMOTE
EMP000806,4,OFFICE
EMP000806,5,REMOTE
EMP000806,6,REMOTE
EMP000806,7,REMOTE
EMP000807,1,OFFICE
EMP000807,2,OFFICE
EMP000807,3,REMOTE
EMP000807,4,OFFICE
EMP000807,5,REMOTE
EMP000807,6,REMOTE
EMP000807,7,REMOTE
EMP000808,1,REMOTE
EMP000808,2,REMOTE
EMP000808,3,REMOTE
EMP000808,4,REMOTE
EMP000808,5,REMOTE
EMP000808,6,REMOTE
EMP000808,7,REMOTE
EMP000809,1,OFFICE
EMP000809,2,OFFICE
EMP000809,3,REMOTE
EMP000809,4,OFFICE
EMP000809,5,REMOTE
EMP000809,6,REMOTE
EMP000809,7,REMOTE
EMP000810,1,OFFICE
EMP000810,2,OFFICE
EMP000810,3,OFFICE
EMP000810,4,OFFICE
EMP000810,5,OFFICE
EMP000810,6,REMOTE
EMP000810,7,REMOTE
EMP000811,1,OFFICE
EMP000811,2,OFFICE
EMP000811,3,REMOTE
EMP000811,4,OFFICE
EMP000811,5,REMOTE
EMP000811,6,REMOTE
EMP000811,7,REMOTE
EMP000812,1,OFFICE
EMP000812,2,OFFICE
EMP000812,3,REMOTE
EMP000812,4,OFFICE
EMP000812,5,REMOTE
EMP000812,6,REMOTE
EMP000812,7,REMOTE
EMP000813,1,OFFICE
EMP000813,2,OFFICE
EMP000813,3,FLEX
EMP000813,4,OFFICE
EMP000813,5,REMOTE
EMP000813,6,REMOTE
EMP000813,7,REMOTE
EMP000814,1,OFFICE
EMP000814,2,OFFICE
EMP000814,3,REMOTE
EMP000814,4,OFFICE
EMP000814,5,REMOTE
EMP000814,6,REMOTE
EMP000814,7,REMOTE
EMP000815,1,REMOTE
EMP000815,2,REMOTE
EMP000815,3,REMOTE
EMP000815,4,REMOTE
EMP000815,5,REMOTE
EMP000815,6,REMOTE
EMP000815,7,REMOTE
EMP000816,1,OFFICE
EMP000816,2,OFFICE
EMP000816,3,OFFICE
EMP000816,4,OFFICE
EMP000816,5,OFFICE
EMP000816,6,REMOTE
EMP000816,7,REMOTE
EMP000817,1,OFFICE
EMP000817,2,OFFICE
EMP000817,3,OFFICE
EMP000817,4,OFFICE
EMP000817,5,OFFICE
EMP000817,6,REMOTE
EMP000817,7,REMOTE
EMP000818,1,OFFICE
EMP000818,2,OFFICE
EMP000818,3,FLEX
EMP000818,4,OFFICE
EMP000818,5,REMOTE
EMP000818,6,REMOTE
EMP000818,7,REMOTE
EMP000819,1,OFFICE
EMP000819,2,OFFICE
EMP000819,3,REMOTE
EMP000819,4,OFFICE
EMP000819,5,REMOTE
EMP000819,6,REMOTE
EMP000819,7,REMOTE
EMP000820,1,OFFICE
EMP000820,2,OFFICE
EMP000820,3,REMOTE
EMP000820,4,OFFICE
EMP000820,5,FLEX
EMP000820,6,REMOTE
EMP000820,7,REMOTE
EMP000821,1,OFFICE
EMP000821,2,OFFICE
EMP000821,3,REMOTE
EMP000821,4,OFFICE
EMP000821,5,REMOTE
EMP000821,6,REMOTE
EMP000821,7,REMOTE
EMP000822,1,OFFICE
EMP000822,2,OFFICE
EMP000822,3,FLEX
EMP000822,4,OFFICE
EMP000822,5,REMOTE
EMP000822,6,REMOTE
EMP000822,7,REMOTE
EMP000823,1,REMOTE
EMP000823,2,REMOTE
EMP000823,3,REMOTE
EMP000823,4,REMOTE
EMP000823,5,REMOTE
EMP000823,6,REMOTE
EMP000823,7,REMOTE
EMP000824,1,OFFICE
EMP000824,2,OFFICE
EMP000824,3,REMOTE
EMP000824,4,OFFICE
EMP000824,5,FLEX
EMP000824,6,REMOTE
EMP000824,7,REMOTE
EMP000825,1,OFFICE
EMP000825,2,OFFICE
EMP000825,3,REMOTE
EMP000825,4,OFFICE
EMP000825,5,REMOTE
EMP000825,6,REMOTE
EMP000825,7,REMOTE
EMP000826,1,REMOTE
EMP000826,2,REMOTE
EMP000826,3,REMOTE
EMP000826,4,REMOTE
EMP000826,5,REMOTE
EMP000826,6,REMOTE
EMP000826,7,REMOTE
EMP000827,1,OFFICE
EMP000827,2,OFFICE
EMP000827,3,REMOTE
EMP000827,4,OFFICE
EMP000827,5,REMOTE
EMP000827,6,REMOTE
EMP000827,7,REMOTE
EMP000828,1,OFFICE
EMP000828,2,OFFICE
EMP000828,3,OFFICE
EMP000828,4,OFFICE
EMP000828,5,OFFICE
EMP000828,6,REMOTE
EMP000828,7,REMOTE
EMP000829,1,OFFICE
EMP000829,2,OFFICE
EMP000829,3,OFFICE
EMP000829,4,OFFICE
EMP000829,5,OFFICE
EMP000829,6,REMOTE
EMP000829,7,REMOTE
EMP000830,1,OFFICE
EMP000830,2,OFFICE
EMP000830,3,REMOTE
EMP000830,4,OFFICE
EMP000830,5,REMOTE
EMP000830,6,REMOTE
EMP000830,7,REMOTE
EMP000831,1,OFFICE
EMP000831,2,OFFICE
EMP000831,3,REMOTE
EMP000831,4,OFFICE
EMP000831,5,REMOTE
EMP000831,6,REMOTE
EMP000831,7,REMOTE
EMP000832,1,OFFICE
EMP000832,2,OFFICE
EMP000832,3,REMOTE
EMP000832,4,OFFICE
EMP000832,5,FLEX
EMP000832,6,REMOTE
EMP000832,7,REMOTE
EMP000833,1,OFFICE
EMP000833,2,OFFICE
EMP000833,3,OFFICE
EMP000833,4,OFFICE
EMP000833,5,OFFICE
EMP000833,6,REMOTE
EMP000833,7,REMOTE
EMP000834,1,OFFICE
EMP000834,2,OFFICE
EMP000834,3,REMOTE
EMP000834,4,OFFICE
EMP000834,5,FLEX
EMP000834,6,REMOTE
EMP000834,7,REMOTE
EMP000835,1,OFFICE
EMP000835,2,OFFICE
EMP000835,3,OFFICE
EMP000835,4,OFFICE
EMP000835,5,OFFICE
EMP000835,6,REMOTE
EMP000835,7,REMOTE
EMP000836,1,OFFICE
EMP000836,2,OFFICE
EMP000836,3,REMOTE
EMP000836,4,OFFICE
EMP000836,5,REMOTE
EMP000836,6,REMOTE
EMP000836,7,REMOTE
EMP000837,1,OFFICE
EMP000837,2,OFFICE
EMP000837,3,REMOTE
EMP000837,4,OFFICE
EMP000837,5,REMOTE
EMP000837,6,REMOTE
EMP000837,7,REMOTE
EMP000838,1,OFFICE
EMP000838,2,OFFICE
EMP000838,3,OFFICE
EMP000838,4,OFFICE
EMP000838,5,OFFICE
EMP000838,6,REMOTE
EMP000838,7,REMOTE
EMP000839,1,OFFICE
EMP000839,2,OFFICE
EMP000839,3,REMOTE
EMP000839,4,OFFICE
EMP000839,5,REMOTE
EMP000839,6,REMOTE
EMP000839,7,REMOTE
EMP000840,1,OFFICE
EMP000840,2,OFFICE
EMP000840,3,REMOTE
EMP000840,4,OFFICE
EMP000840,5,REMOTE
EMP000840,6,REMOTE
EMP000840,7,REMOTE
EMP000841,1,REMOTE
EMP000841,2,REMOTE
EMP000841,3,REMOTE
EMP000841,4,REMOTE
EMP000841,5,REMOTE
EMP000841,6,REMOTE
EMP000841,7,REMOTE
EMP000842,1,REMOTE
EMP000842,2,REMOTE
EMP000842,3,REMOTE
EMP000842,4,REMOTE
EMP000842,5,REMOTE
EMP000842,6,REMOTE
EMP000842,7,REMOTE
EMP000843,1,OFFICE
EMP000843,2,OFFICE
EMP000843,3,OFFICE
EMP000843,4,OFFICE
EMP000843,5,OFFICE
EMP000843,6,REMOTE
EMP000843,7,REMOTE
EMP000844,1,REMOTE
EMP000844,2,REMOTE
EMP000844,3,REMOTE
EMP000844,4,REMOTE
EMP000844,5,REMOTE
EMP000844,6,REMOTE
EMP000844,7,REMOTE
EMP000845,1,OFFICE
EMP000845,2,OFFICE
EMP000845,3,REMOTE
EMP000845,4,OFFICE
EMP000845,5,REMOTE
EMP000845,6,REMOTE
EMP000845,7,REMOTE
EMP000846,1,OFFICE
EMP000846,2,OFFICE
EMP000846,3,OFFICE
EMP000846,4,OFFICE
EMP000846,5,OFFICE
EMP000846,6,REMOTE
EMP000846,7,REMOTE
EMP000847,1,OFFICE
EMP000847,2,OFFICE
EMP000847,3,FLEX
EMP000847,4,OFFICE
EMP000847,5,REMOTE
EMP000847,6,REMOTE
EMP000847,7,REMOTE
EMP000848,1,OFFICE
EMP000848,2,OFFICE
EMP000848,3,OFFICE
EMP000848,4,OFFICE
EMP000848,5,OFFICE
EMP000848,6,REMOTE
EMP000848,7,REMOTE
EMP000849,1,OFFICE
EMP000849,2,OFFICE
EMP000849,3,FLEX
EMP000849,4,OFFICE
EMP000849,5,REMOTE
EMP000849,6,REMOTE
EMP000849,7,REMOTE
EMP000850,1,OFFICE
EMP000850,2,OFFICE
EMP000850,3,REMOTE
EMP000850,4,OFFICE
EMP000850,5,FLEX
EMP000850,6,REMOTE
EMP000850,7,REMOTE
EMP000851,1,REMOTE
EMP000851,2,OFFICE
EMP000851,3,OFFICE
EMP000851,4,REMOTE
EMP000851,5,OFFICE
EMP000851,6,REMOTE
EMP000851,7,REMOTE
EMP000852,1,OFFICE
EMP000852,2,OFFICE
EMP000852,3,OFFICE
EMP000852,4,OFFICE
EMP000852,5,OFFICE
EMP000852,6,REMOTE
EMP000852,7,REMOTE
EMP000853,1,OFFICE
EMP000853,2,OFFICE
EMP000853,3,OFFICE
EMP000853,4,OFFICE
EMP000853,5,OFFICE
EMP000853,6,REMOTE
EMP000853,7,REMOTE
EMP000854,1,OFFICE
EMP000854,2,OFFICE
EMP000854,3,OFFICE
EMP000854,4,OFFICE
EMP000854,5,OFFICE
EMP000854,6,REMOTE
EMP000854,7,REMOTE
EMP000855,1,REMOTE
EMP000855,2,OFFICE
EMP000855,3,OFFICE
EMP000855,4,REMOTE
EMP000855,5,OFFICE
EMP000855,6,REMOTE
EMP000855,7,REMOTE
EMP000856,1,OFFICE
EMP000856,2,OFFICE
EMP000856,3,OFFICE
EMP000856,4,OFFICE
EMP000856,5,OFFICE
EMP000856,6,REMOTE
EMP000856,7,REMOTE
EMP000857,1,OFFICE
EMP000857,2,OFFICE
EMP000857,3,OFFICE
EMP000857,4,OFFICE
EMP000857,5,OFFICE
EMP000857,6,REMOTE
EMP000857,7,REMOTE
EMP000858,1,REMOTE
EMP000858,2,REMOTE
EMP000858,3,REMOTE
EMP000858,4,REMOTE
EMP000858,5,REMOTE
EMP000858,6,REMOTE
EMP000858,7,REMOTE
EMP000859,1,OFFICE
EMP000859,2,OFFICE
EMP000859,3,OFFICE
EMP000859,4,OFFICE
EMP000859,5,OFFICE
EMP000859,6,REMOTE
EMP000859,7,REMOTE
EMP000860,1,REMOTE
EMP000860,2,REMOTE
EMP000860,3,OFFICE
EMP000860,4,OFFICE
EMP000860,5,OFFICE
EMP000860,6,REMOTE
EMP000860,7,REMOTE
EMP000861,1,REMOTE
EMP000861,2,REMOTE
EMP000861,3,OFFICE
EMP000861,4,OFFICE
EMP000861,5,OFFICE
EMP000861,6,REMOTE
EMP000861,7,REMOTE
EMP000862,1,REMOTE
EMP000862,2,FLEX
EMP000862,3,OFFICE
EMP000862,4,OFFICE
EMP000862,5,OFFICE
EMP000862,6,REMOTE
EMP000862,7,REMOTE
EMP000863,1,REMOTE
EMP000863,2,REMOTE
EMP000863,3,OFFICE
EMP000863,4,OFFICE
EMP000863,5,OFFICE
EMP000863,6,REMOTE
EMP000863,7,REMOTE
EMP000864,1,REMOTE
EMP000864,2,FLEX
EMP000864,3,OFFICE
EMP000864,4,OFFICE
EMP000864,5,OFFICE
EMP000864,6,REMOTE
EMP000864,7,REMOTE
EMP000865,1,REMOTE
EMP000865,2,REMOTE
EMP000865,3,OFFICE
EMP000865,4,OFFICE
EMP000865,5,OFFICE
EMP000865,6,REMOTE
EMP000865,7,REMOTE
EMP000866,1,REMOTE
EMP000866,2,REMOTE
EMP000866,3,OFFICE
EMP000866,4,OFFICE
EMP000866,5,OFFICE
EMP000866,6,REMOTE
EMP000866,7,REMOTE
EMP000867,1,REMOTE
EMP000867,2,REMOTE
EMP000867,3,OFFICE
EMP000867,4,OFFICE
EMP000867,5,OFFICE
EMP000867,6,REMOTE
EMP000867,7,REMOTE
EMP000868,1,REMOTE
EMP000868,2,REMOTE
EMP000868,3,OFFICE
EMP000868,4,OFFICE
EMP000868,5,OFFICE
EMP000868,6,REMOTE
EMP000868,7,REMOTE
EMP000869,1,REMOTE
EMP000869,2,REMOTE
EMP000869,3,OFFICE
EMP000869,4,OFFICE
EMP000869,5,OFFICE
EMP000869,6,REMOTE
EMP000869,7,REMOTE
EMP000870,1,REMOTE
EMP000870,2,REMOTE
EMP000870,3,OFFICE
EMP000870,4,OFFICE
EMP000870,5,OFFICE
EMP000870,6,REMOTE
EMP000870,7,REMOTE
EMP000871,1,OFFICE
EMP000871,2,OFFICE
EMP000871,3,OFFICE
EMP000871,4,OFFICE
EMP000871,5,OFFICE
EMP000871,6,REMOTE
EMP000871,7,REMOTE
EMP000872,1,OFFICE
EMP000872,2,OFFICE
EMP000872,3,OFFICE
EMP000872,4,OFFICE
EMP000872,5,OFFICE
EMP000872,6,REMOTE
EMP000872,7,REMOTE
EMP000873,1,OFFICE
EMP000873,2,OFFICE
EMP000873,3,OFFICE
EMP000873,4,OFFICE
EMP000873,5,OFFICE
EMP000873,6,REMOTE
EMP000873,7,REMOTE
EMP000874,1,OFFICE
EMP000874,2,OFFICE
EMP000874,3,REMOTE
EMP000874,4,REMOTE
EMP000874,5,OFFICE
EMP000874,6,REMOTE
EMP000874,7,REMOTE
EMP000875,1,OFFICE
EMP000875,2,OFFICE
EMP000875,3,OFFICE
EMP000875,4,OFFICE
EMP000875,5,OFFICE
EMP000875,6,REMOTE
EMP000875,7,REMOTE
EMP000876,1,OFFICE
EMP000876,2,OFFICE
EMP000876,3,REMOTE
EMP000876,4,REMOTE
EMP000876,5,OFFICE
EMP000876,6,REMOTE
EMP000876,7,REMOTE
EMP000877,1,OFFICE
EMP000877,2,OFFICE
EMP000877,3,OFFICE
EMP000877,4,OFFICE
EMP000877,5,OFFICE
EMP000877,6,REMOTE
EMP000877,7,REMOTE
EMP000878,1,REMOTE
EMP000878,2,REMOTE
EMP000878,3,REMOTE
EMP000878,4,REMOTE
EMP000878,5,REMOTE
EMP000878,6,REMOTE
EMP000878,7,REMOTE
EMP000879,1,OFFICE
EMP000879,2,OFFICE
EMP000879,3,REMOTE
EMP000879,4,REMOTE
EMP000879,5,OFFICE
EMP000879,6,REMOTE
EMP000879,7,REMOTE
EMP000880,1,OFFICE
EMP000880,2,OFFICE
EMP000880,3,OFFICE
EMP000880,4,OFFICE
EMP000880,5,OFFICE
EMP000880,6,REMOTE
EMP000880,7,REMOTE
EMP000881,1,OFFICE
EMP000881,2,OFFICE
EMP000881,3,REMOTE
EMP000881,4,REMOTE
EMP000881,5,OFFICE
EMP000881,6,REMOTE
EMP000881,7,REMOTE
EMP000882,1,OFFICE
EMP000882,2,OFFICE
EMP000882,3,OFFICE
EMP000882,4,OFFICE
EMP000882,5,OFFICE
EMP000882,6,REMOTE
EMP000882,7,REMOTE
EMP000883,1,OFFICE
EMP000883,2,OFFICE
EMP000883,3,OFFICE
EMP000883,4,OFFICE
EMP000883,5,OFFICE
EMP000883,6,REMOTE
EMP000883,7,REMOTE
EMP000884,1,REMOTE
EMP000884,2,REMOTE
EMP000884,3,OFFICE
EMP000884,4,OFFICE
EMP000884,5,OFFICE
EMP000884,6,REMOTE
EMP000884,7,REMOTE
EMP000885,1,REMOTE
EMP000885,2,REMOTE
EMP000885,3,REMOTE
EMP000885,4,REMOTE
EMP000885,5,REMOTE
EMP000885,6,REMOTE
EMP000885,7,REMOTE
EMP000886,1,FLEX
EMP000886,2,REMOTE
EMP000886,3,OFFICE
EMP000886,4,OFFICE
EMP000886,5,OFFICE
EMP000886,6,REMOTE
EMP000886,7,REMOTE
EMP000887,1,REMOTE
EMP000887,2,REMOTE
EMP000887,3,OFFICE
EMP000887,4,OFFICE
EMP000887,5,OFFICE
EMP000887,6,REMOTE
EMP000887,7,REMOTE
EMP000888,1,REMOTE
EMP000888,2,REMOTE
EMP000888,3,OFFICE
EMP000888,4,OFFICE
EMP000888,5,OFFICE
EMP000888,6,REMOTE
EMP000888,7,REMOTE
EMP000889,1,REMOTE
EMP000889,2,REMOTE
EMP000889,3,OFFICE
EMP000889,4,OFFICE
EMP000889,5,OFFICE
EMP000889,6,REMOTE
EMP000889,7,REMOTE
EMP000890,1,REMOTE
EMP000890,2,REMOTE
EMP000890,3,OFFICE
EMP000890,4,OFFICE
EMP000890,5,OFFICE
EMP000890,6,REMOTE
EMP000890,7,REMOTE
EMP000891,1,REMOTE
EMP000891,2,REMOTE
EMP000891,3,OFFICE
EMP000891,4,OFFICE
EMP000891,5,OFFICE
EMP000891,6,REMOTE
EMP000891,7,REMOTE
EMP000892,1,REMOTE
EMP000892,2,REMOTE
EMP000892,3,OFFICE
EMP000892,4,OFFICE
EMP000892,5,OFFICE
EMP000892,6,REMOTE
EMP000892,7,REMOTE
EMP000893,1,REMOTE
EMP000893,2,REMOTE
EMP000893,3,OFFICE
EMP000893,4,OFFICE
EMP000893,5,OFFICE
EMP000893,6,REMOTE
EMP000893,7,REMOTE
EMP000894,1,REMOTE
EMP000894,2,REMOTE
EMP000894,3,OFFICE
EMP000894,4,OFFICE
EMP000894,5,OFFICE
EMP000894,6,REMOTE
EMP000894,7,REMOTE
EMP000895,1,REMOTE
EMP000895,2,REMOTE
EMP000895,3,OFFICE
EMP000895,4,OFFICE
EMP000895,5,OFFICE
EMP000895,6,REMOTE
EMP000895,7,REMOTE
EMP000896,1,OFFICE
EMP000896,2,OFFICE
EMP000896,3,OFFICE
EMP000896,4,OFFICE
EMP000896,5,OFFICE
EMP000896,6,REMOTE
EMP000896,7,REMOTE
EMP000897,1,OFFICE
EMP000897,2,REMOTE
EMP000897,3,REMOTE
EMP000897,4,OFFICE
EMP000897,5,OFFICE
EMP000897,6,REMOTE
EMP000897,7,REMOTE
EMP000898,1,OFFICE
EMP000898,2,OFFICE
EMP000898,3,OFFICE
EMP000898,4,OFFICE
EMP000898,5,OFFICE
EMP000898,6,REMOTE
EMP000898,7,REMOTE
EMP000899,1,OFFICE
EMP000899,2,REMOTE
EMP000899,3,REMOTE
EMP000899,4,OFFICE
EMP000899,5,OFFICE
EMP000899,6,REMOTE
EMP000899,7,REMOTE
EMP000900,1,REMOTE
EMP000900,2,REMOTE
EMP000900,3,REMOTE
EMP000900,4,REMOTE
EMP000900,5,REMOTE
EMP000900,6,REMOTE
EMP000900,7,REMOTE
EMP000901,1,REMOTE
EMP000901,2,OFFICE
EMP000901,3,REMOTE
EMP000901,4,OFFICE
EMP000901,5,OFFICE
EMP000901,6,REMOTE
EMP000901,7,REMOTE
EMP000902,1,REMOTE
EMP000902,2,OFFICE
EMP000902,3,REMOTE
EMP000902,4,OFFICE
EMP000902,5,OFFICE
EMP000902,6,REMOTE
EMP000902,7,REMOTE
EMP000903,1,REMOTE
EMP000903,2,OFFICE
EMP000903,3,REMOTE
EMP000903,4,OFFICE
EMP000903,5,OFFICE
EMP000903,6,REMOTE
EMP000903,7,REMOTE
EMP000904,1,REMOTE
EMP000904,2,OFFICE
EMP000904,3,REMOTE
EMP000904,4,OFFICE
EMP000904,5,OFFICE
EMP000904,6,REMOTE
EMP000904,7,REMOTE
EMP000905,1,REMOTE
EMP000905,2,REMOTE
EMP000905,3,REMOTE
EMP000905,4,REMOTE
EMP000905,5,REMOTE
EMP000905,6,REMOTE
EMP000905,7,REMOTE
EMP000906,1,REMOTE
EMP000906,2,OFFICE
EMP000906,3,FLEX
EMP000906,4,OFFICE
EMP000906,5,OFFICE
EMP000906,6,REMOTE
EMP000906,7,REMOTE
EMP000907,1,REMOTE
EMP000907,2,OFFICE
EMP000907,3,REMOTE
EMP000907,4,OFFICE
EMP000907,5,OFFICE
EMP000907,6,REMOTE
EMP000907,7,REMOTE
EMP000908,1,OFFICE
EMP000908,2,OFFICE
EMP000908,3,OFFICE
EMP000908,4,OFFICE
EMP000908,5,OFFICE
EMP000908,6,REMOTE
EMP000908,7,REMOTE
EMP000909,1,REMOTE
EMP000909,2,OFFICE
EMP000909,3,REMOTE
EMP000909,4,OFFICE
EMP000909,5,OFFICE
EMP000909,6,REMOTE
EMP000909,7,REMOTE
EMP000910,1,OFFICE
EMP000910,2,OFFICE
EMP000910,3,OFFICE
EMP000910,4,OFFICE
EMP000910,5,OFFICE
EMP000910,6,REMOTE
EMP000910,7,REMOTE
EMP000911,1,REMOTE
EMP000911,2,OFFICE
EMP000911,3,FLEX
EMP000911,4,OFFICE
EMP000911,5,OFFICE
EMP000911,6,REMOTE
EMP000911,7,REMOTE
EMP000912,1,REMOTE
EMP000912,2,OFFICE
EMP000912,3,REMOTE
EMP000912,4,OFFICE
EMP000912,5,OFFICE
EMP000912,6,REMOTE
EMP000912,7,REMOTE
EMP000913,1,OFFICE
EMP000913,2,OFFICE
EMP000913,3,OFFICE
EMP000913,4,OFFICE
EMP000913,5,OFFICE
EMP000913,6,REMOTE
EMP000913,7,REMOTE
EMP000914,1,REMOTE
EMP000914,2,OFFICE
EMP000914,3,REMOTE
EMP000914,4,OFFICE
EMP000914,5,OFFICE
EMP000914,6,REMOTE
EMP000914,7,REMOTE
EMP000915,1,REMOTE
EMP000915,2,OFFICE
EMP000915,3,OFFICE
EMP000915,4,OFFICE
EMP000915,5,REMOTE
EMP000915,6,REMOTE
EMP000915,7,REMOTE
EMP000916,1,REMOTE
EMP000916,2,REMOTE
EMP000916,3,REMOTE
EMP000916,4,REMOTE
EMP000916,5,REMOTE
EMP000916,6,REMOTE
EMP000916,7,REMOTE
EMP000917,1,OFFICE
EMP000917,2,OFFICE
EMP000917,3,OFFICE
EMP000917,4,OFFICE
EMP000917,5,OFFICE
EMP000917,6,REMOTE
EMP000917,7,REMOTE
EMP000918,1,OFFICE
EMP000918,2,OFFICE
EMP000918,3,OFFICE
EMP000918,4,OFFICE
EMP000918,5,OFFICE
EMP000918,6,REMOTE
EMP000918,7,REMOTE
EMP000919,1,REMOTE
EMP000919,2,OFFICE
EMP000919,3,OFFICE
EMP000919,4,OFFICE
EMP000919,5,REMOTE
EMP000919,6,REMOTE
EMP000919,7,REMOTE
EMP000920,1,REMOTE
EMP000920,2,OFFICE
EMP000920,3,OFFICE
EMP000920,4,OFFICE
EMP000920,5,REMOTE
EMP000920,6,REMOTE
EMP000920,7,REMOTE
EMP000921,1,REMOTE
EMP000921,2,OFFICE
EMP000921,3,OFFICE
EMP000921,4,OFFICE
EMP000921,5,REMOTE
EMP000921,6,REMOTE
EMP000921,7,REMOTE
EMP000922,1,FLEX
EMP000922,2,OFFICE
EMP000922,3,OFFICE
EMP000922,4,OFFICE
EMP000922,5,REMOTE
EMP000922,6,REMOTE
EMP000922,7,REMOTE
EMP000923,1,OFFICE
EMP000923,2,OFFICE
EMP000923,3,OFFICE
EMP000923,4,OFFICE
EMP000923,5,OFFICE
EMP000923,6,REMOTE
EMP000923,7,REMOTE
EMP000924,1,OFFICE
EMP000924,2,OFFICE
EMP000924,3,OFFICE
EMP000924,4,OFFICE
EMP000924,5,OFFICE
EMP000924,6,REMOTE
EMP000924,7,REMOTE
EMP000925,1,OFFICE
EMP000925,2,OFFICE
EMP000925,3,OFFICE
EMP000925,4,OFFICE
EMP000925,5,OFFICE
EMP000925,6,REMOTE
EMP000925,7,REMOTE
EMP000926,1,REMOTE
EMP000926,2,OFFICE
EMP000926,3,OFFICE
EMP000926,4,FLEX
EMP000926,5,OFFICE
EMP000926,6,REMOTE
EMP000926,7,REMOTE
EMP000927,1,REMOTE
EMP000927,2,REMOTE
EMP000927,3,REMOTE
EMP000927,4,REMOTE
EMP000927,5,REMOTE
EMP000927,6,REMOTE
EMP000927,7,REMOTE
EMP000928,1,REMOTE
EMP000928,2,REMOTE
EMP000928,3,REMOTE
EMP000928,4,REMOTE
EMP000928,5,REMOTE
EMP000928,6,REMOTE
EMP000928,7,REMOTE
EMP000929,1,REMOTE
EMP000929,2,OFFICE
EMP000929,3,OFFICE
EMP000929,4,REMOTE
EMP000929,5,OFFICE
EMP000929,6,REMOTE
EMP000929,7,REMOTE
EMP000930,1,OFFICE
EMP000930,2,OFFICE
EMP000930,3,OFFICE
EMP000930,4,OFFICE
EMP000930,5,OFFICE
EMP000930,6,REMOTE
EMP000930,7,REMOTE
EMP000931,1,REMOTE
EMP000931,2,OFFICE
EMP000931,3,OFFICE
EMP000931,4,FLEX
EMP000931,5,OFFICE
EMP000931,6,REMOTE
EMP000931,7,REMOTE
EMP000932,1,OFFICE
EMP000932,2,OFFICE
EMP000932,3,OFFICE
EMP000932,4,OFFICE
EMP000932,5,OFFICE
EMP000932,6,REMOTE
EMP000932,7,REMOTE
EMP000933,1,REMOTE
EMP000933,2,REMOTE
EMP000933,3,REMOTE
EMP000933,4,REMOTE
EMP000933,5,REMOTE
EMP000933,6,REMOTE
EMP000933,7,REMOTE
EMP000934,1,FLEX
EMP000934,2,OFFICE
EMP000934,3,OFFICE
EMP000934,4,REMOTE
EMP000934,5,OFFICE
EMP000934,6,REMOTE
EMP000934,7,REMOTE
EMP000935,1,OFFICE
EMP000935,2,OFFICE
EMP000935,3,OFFICE
EMP000935,4,OFFICE
EMP000935,5,OFFICE
EMP000935,6,REMOTE
EMP000935,7,REMOTE
EMP000936,1,REMOTE
EMP000936,2,OFFICE
EMP000936,3,OFFICE
EMP000936,4,REMOTE
EMP000936,5,OFFICE
EMP000936,6,REMOTE
EMP000936,7,REMOTE
EMP000937,1,REMOTE
EMP000937,2,OFFICE
EMP000937,3,OFFICE
EMP000937,4,FLEX
EMP000937,5,OFFICE
EMP000937,6,REMOTE
EMP000937,7,REMOTE
EMP000938,1,REMOTE
EMP000938,2,OFFICE
EMP000938,3,OFFICE
EMP000938,4,OFFICE
EMP000938,5,REMOTE
EMP000938,6,REMOTE
EMP000938,7,REMOTE
EMP000939,1,REMOTE
EMP000939,2,REMOTE
EMP000939,3,REMOTE
EMP000939,4,REMOTE
EMP000939,5,REMOTE
EMP000939,6,REMOTE
EMP000939,7,REMOTE
EMP000940,1,REMOTE
EMP000940,2,OFFICE
EMP000940,3,OFFICE
EMP000940,4,OFFICE
EMP000940,5,REMOTE
EMP000940,6,REMOTE
EMP000940,7,REMOTE
EMP000941,1,FLEX
EMP000941,2,OFFICE
EMP000941,3,OFFICE
EMP000941,4,OFFICE
EMP000941,5,REMOTE
EMP000941,6,REMOTE
EMP000941,7,REMOTE
EMP000942,1,REMOTE
EMP000942,2,REMOTE
EMP000942,3,REMOTE
EMP000942,4,REMOTE
EMP000942,5,REMOTE
EMP000942,6,REMOTE
EMP000942,7,REMOTE
EMP000943,1,FLEX
EMP000943,2,OFFICE
EMP000943,3,OFFICE
EMP000943,4,OFFICE
EMP000943,5,REMOTE
EMP000943,6,REMOTE
EMP000943,7,REMOTE
EMP000944,1,REMOTE
EMP000944,2,OFFICE
EMP000944,3,OFFICE
EMP000944,4,OFFICE
EMP000944,5,REMOTE
EMP000944,6,REMOTE
EMP000944,7,REMOTE
EMP000945,1,REMOTE
EMP000945,2,OFFICE
EMP000945,3,OFFICE
EMP000945,4,OFFICE
EMP000945,5,REMOTE
EMP000945,6,REMOTE
EMP000945,7,REMOTE
EMP000946,1,OFFICE
EMP000946,2,OFFICE
EMP000946,3,OFFICE
EMP000946,4,OFFICE
EMP000946,5,OFFICE
EMP000946,6,REMOTE
EMP000946,7,REMOTE
EMP000947,1,OFFICE
EMP000947,2,OFFICE
EMP000947,3,OFFICE
EMP000947,4,OFFICE
EMP000947,5,OFFICE
EMP000947,6,REMOTE
EMP000947,7,REMOTE
EMP000948,1,REMOTE
EMP000948,2,OFFICE
EMP000948,3,OFFICE
EMP000948,4,OFFICE
EMP000948,5,REMOTE
EMP000948,6,REMOTE
EMP000948,7,REMOTE
EMP000949,1,REMOTE
EMP000949,2,REMOTE
EMP000949,3,REMOTE
EMP000949,4,REMOTE
EMP000949,5,REMOTE
EMP000949,6,REMOTE
EMP000949,7,REMOTE
EMP000950,1,REMOTE
EMP000950,2,REMOTE
EMP000950,3,OFFICE
EMP000950,4,OFFICE
EMP000950,5,OFFICE
EMP000950,6,REMOTE
EMP000950,7,REMOTE
EMP000951,1,OFFICE
EMP000951,2,OFFICE
EMP000951,3,OFFICE
EMP000951,4,OFFICE
EMP000951,5,OFFICE
EMP000951,6,REMOTE
EMP000951,7,REMOTE
EMP000952,1,OFFICE
EMP000952,2,OFFICE
EMP000952,3,OFFICE
EMP000952,4,OFFICE
EMP000952,5,OFFICE
EMP000952,6,REMOTE
EMP000952,7,REMOTE
EMP000953,1,REMOTE
EMP000953,2,REMOTE
EMP000953,3,OFFICE
EMP000953,4,OFFICE
EMP000953,5,OFFICE
EMP000953,6,REMOTE
EMP000953,7,REMOTE
EMP000954,1,OFFICE
EMP000954,2,OFFICE
EMP000954,3,OFFICE
EMP000954,4,OFFICE
EMP000954,5,OFFICE
EMP000954,6,REMOTE
EMP000954,7,REMOTE
EMP000955,1,OFFICE
EMP000955,2,OFFICE
EMP000955,3,OFFICE
EMP000955,4,OFFICE
EMP000955,5,OFFICE
EMP000955,6,REMOTE
EMP000955,7,REMOTE
EMP000956,1,REMOTE
EMP000956,2,FLEX
EMP000956,3,OFFICE
EMP000956,4,OFFICE
EMP000956,5,OFFICE
EMP000956,6,REMOTE
EMP000956,7,REMOTE
EMP000957,1,REMOTE
EMP000957,2,REMOTE
EMP000957,3,OFFICE
EMP000957,4,OFFICE
EMP000957,5,OFFICE
EMP000957,6,REMOTE
EMP000957,7,REMOTE
EMP000958,1,OFFICE
EMP000958,2,OFFICE
EMP000958,3,OFFICE
EMP000958,4,OFFICE
EMP000958,5,OFFICE
EMP000958,6,REMOTE
EMP000958,7,REMOTE
EMP000959,1,OFFICE
EMP000959,2,OFFICE
EMP000959,3,OFFICE
EMP000959,4,OFFICE
EMP000959,5,OFFICE
EMP000959,6,REMOTE
EMP000959,7,REMOTE
EMP000960,1,FLEX
EMP000960,2,REMOTE
EMP000960,3,OFFICE
EMP000960,4,OFFICE
EMP000960,5,OFFICE
EMP000960,6,REMOTE
EMP000960,7,REMOTE
EMP000961,1,OFFICE
EMP000961,2,OFFICE
EMP000961,3,REMOTE
EMP000961,4,REMOTE
EMP000961,5,OFFICE
EMP000961,6,REMOTE
EMP000961,7,REMOTE
EMP000962,1,OFFICE
EMP000962,2,OFFICE
EMP000962,3,REMOTE
EMP000962,4,REMOTE
EMP000962,5,OFFICE
EMP000962,6,REMOTE
EMP000962,7,REMOTE
EMP000963,1,OFFICE
EMP000963,2,OFFICE
EMP000963,3,OFFICE
EMP000963,4,OFFICE
EMP000963,5,OFFICE
EMP000963,6,REMOTE
EMP000963,7,REMOTE
EMP000964,1,OFFICE
EMP000964,2,OFFICE
EMP000964,3,FLEX
EMP000964,4,REMOTE
EMP000964,5,OFFICE
EMP000964,6,REMOTE
EMP000964,7,REMOTE
EMP000965,1,OFFICE
EMP000965,2,OFFICE
EMP000965,3,REMOTE
EMP000965,4,REMOTE
EMP000965,5,OFFICE
EMP000965,6,REMOTE
EMP000965,7,REMOTE
EMP000966,1,OFFICE
EMP000966,2,OFFICE
EMP000966,3,REMOTE
EMP000966,4,REMOTE
EMP000966,5,OFFICE
EMP000966,6,REMOTE
EMP000966,7,REMOTE
EMP000967,1,REMOTE
EMP000967,2,REMOTE
EMP000967,3,REMOTE
EMP000967,4,REMOTE
EMP000967,5,REMOTE
EMP000967,6,REMOTE
EMP000967,7,REMOTE
EMP000968,1,OFFICE
EMP000968,2,OFFICE
EMP000968,3,REMOTE
EMP000968,4,REMOTE
EMP000968,5,OFFICE
EMP000968,6,REMOTE
EMP000968,7,REMOTE
EMP000969,1,OFFICE
EMP000969,2,OFFICE
EMP000969,3,REMOTE
EMP000969,4,REMOTE
EMP000969,5,OFFICE
EMP000969,6,REMOTE
EMP000969,7,REMOTE
EMP000970,1,OFFICE
EMP000970,2,OFFICE
EMP000970,3,REMOTE
EMP000970,4,REMOTE
EMP000970,5,OFFICE
EMP000970,6,REMOTE
EMP000970,7,REMOTE
EMP000971,1,REMOTE
EMP000971,2,REMOTE
EMP000971,3,REMOTE
EMP000971,4,REMOTE
EMP000971,5,REMOTE
EMP000971,6,REMOTE
EMP000971,7,REMOTE
EMP000972,1,OFFICE
EMP000972,2,OFFICE
EMP000972,3,OFFICE
EMP000972,4,OFFICE
EMP000972,5,OFFICE
EMP000972,6,REMOTE
EMP000972,7,REMOTE
EMP000973,1,OFFICE
EMP000973,2,OFFICE
EMP000973,3,OFFICE
EMP000973,4,OFFICE
EMP000973,5,OFFICE
EMP000973,6,REMOTE
EMP000973,7,REMOTE
EMP000974,1,OFFICE
EMP000974,2,OFFICE
EMP000974,3,OFFICE
EMP000974,4,OFFICE
EMP000974,5,OFFICE
EMP000974,6,REMOTE
EMP000974,7,REMOTE
EMP000975,1,REMOTE
EMP000975,2,REMOTE
EMP000975,3,REMOTE
EMP000975,4,REMOTE
EMP000975,5,REMOTE
EMP000975,6,REMOTE
EMP000975,7,REMOTE
EMP000976,1,REMOTE
EMP000976,2,REMOTE
EMP000976,3,REMOTE
EMP000976,4,REMOTE
EMP000976,5,REMOTE
EMP000976,6,REMOTE
EMP000976,7,REMOTE
EMP000977,1,OFFICE
EMP000977,2,OFFICE
EMP000977,3,REMOTE
EMP000977,4,OFFICE
EMP000977,5,REMOTE
EMP000977,6,REMOTE
EMP000977,7,REMOTE
EMP000978,1,OFFICE
EMP000978,2,OFFICE
EMP000978,3,REMOTE
EMP000978,4,OFFICE
EMP000978,5,REMOTE
EMP000978,6,REMOTE
EMP000978,7,REMOTE
EMP000979,1,OFFICE
EMP000979,2,OFFICE
EMP000979,3,REMOTE
EMP000979,4,OFFICE
EMP000979,5,REMOTE
EMP000979,6,REMOTE
EMP000979,7,REMOTE
EMP000980,1,REMOTE
EMP000980,2,REMOTE
EMP000980,3,REMOTE
EMP000980,4,REMOTE
EMP000980,5,REMOTE
EMP000980,6,REMOTE
EMP000980,7,REMOTE
EMP000981,1,REMOTE
EMP000981,2,REMOTE
EMP000981,3,REMOTE
EMP000981,4,REMOTE
EMP000981,5,REMOTE
EMP000981,6,REMOTE
EMP000981,7,REMOTE
EMP000982,1,OFFICE
EMP000982,2,OFFICE
EMP000982,3,REMOTE
EMP000982,4,OFFICE
EMP000982,5,REMOTE
EMP000982,6,REMOTE
EMP000982,7,REMOTE
EMP000983,1,OFFICE
EMP000983,2,OFFICE
EMP000983,3,REMOTE
EMP000983,4,OFFICE
EMP000983,5,REMOTE
EMP000983,6,REMOTE
EMP000983,7,REMOTE
EMP000984,1,REMOTE
EMP000984,2,REMOTE
EMP000984,3,REMOTE
EMP000984,4,REMOTE
EMP000984,5,REMOTE
EMP000984,6,REMOTE
EMP000984,7,REMOTE
EMP000985,1,REMOTE
EMP000985,2,REMOTE
EMP000985,3,REMOTE
EMP000985,4,REMOTE
EMP000985,5,REMOTE
EMP000985,6,REMOTE
EMP000985,7,REMOTE
EMP000986,1,OFFICE
EMP000986,2,OFFICE
EMP000986,3,REMOTE
EMP000986,4,OFFICE
EMP000986,5,REMOTE
EMP000986,6,REMOTE
EMP000986,7,REMOTE
EMP000987,1,OFFICE
EMP000987,2,FLEX
EMP000987,3,REMOTE
EMP000987,4,OFFICE
EMP000987,5,OFFICE
EMP000987,6,REMOTE
EMP000987,7,REMOTE
EMP000988,1,OFFICE
EMP000988,2,OFFICE
EMP000988,3,OFFICE
EMP000988,4,OFFICE
EMP000988,5,OFFICE
EMP000988,6,REMOTE
EMP000988,7,REMOTE
EMP000989,1,OFFICE
EMP000989,2,OFFICE
EMP000989,3,OFFICE
EMP000989,4,OFFICE
EMP000989,5,OFFICE
EMP000989,6,REMOTE
EMP000989,7,REMOTE
EMP000990,1,OFFICE
EMP000990,2,REMOTE
EMP000990,3,REMOTE
EMP000990,4,OFFICE
EMP000990,5,OFFICE
EMP000990,6,REMOTE
EMP000990,7,REMOTE
EMP000991,1,REMOTE
EMP000991,2,REMOTE
EMP000991,3,REMOTE
EMP000991,4,REMOTE
EMP000991,5,REMOTE
EMP000991,6,REMOTE
EMP000991,7,REMOTE
EMP000992,1,OFFICE
EMP000992,2,OFFICE
EMP000992,3,OFFICE
EMP000992,4,OFFICE
EMP000992,5,OFFICE
EMP000992,6,REMOTE
EMP000992,7,REMOTE
EMP000993,1,OFFICE
EMP000993,2,REMOTE
EMP000993,3,FLEX
EMP000993,4,OFFICE
EMP000993,5,OFFICE
EMP000993,6,REMOTE
EMP000993,7,REMOTE
EMP000994,1,REMOTE
EMP000994,2,REMOTE
EMP000994,3,REMOTE
EMP000994,4,REMOTE
EMP000994,5,REMOTE
EMP000994,6,REMOTE
EMP000994,7,REMOTE
EMP000995,1,REMOTE
EMP000995,2,REMOTE
EMP000995,3,REMOTE
EMP000995,4,REMOTE
EMP000995,5,REMOTE
EMP000995,6,REMOTE
EMP000995,7,REMOTE
EMP000996,1,OFFICE
EMP000996,2,REMOTE
EMP000996,3,REMOTE
EMP000996,4,OFFICE
EMP000996,5,OFFICE
EMP000996,6,REMOTE
EMP000996,7,REMOTE
EMP000997,1,OFFICE
EMP000997,2,REMOTE
EMP000997,3,REMOTE
EMP000997,4,OFFICE
EMP000997,5,OFFICE
EMP000997,6,REMOTE
EMP000997,7,REMOTE
EMP000998,1,OFFICE
EMP000998,2,REMOTE
EMP000998,3,REMOTE
EMP000998,4,OFFICE
EMP000998,5,OFFICE
EMP000998,6,REMOTE
EMP000998,7,REMOTE
EMP000999,1,OFFICE
EMP000999,2,OFFICE
EMP000999,3,OFFICE
EMP000999,4,OFFICE
EMP000999,5,OFFICE
EMP000999,6,REMOTE
EMP000999,7,REMOTE
EMP001000,1,REMOTE
EMP001000,2,REMOTE
EMP001000,3,REMOTE
EMP001000,4,REMOTE
EMP001000,5,REMOTE
EMP001000,6,REMOTE
EMP001000,7,REMOTE
